Match ID,Player Name,Mins Played,Position,Discipline,Start,Appearance,Country,Year
R1-MAJ-OLY,Brennan,15,,,No,Yes,MajuraRes,2026
R1-MAJ-OLY,Checksfield,90,,,Yes,Yes,MajuraRes,2026
R1-MAJ-OLY,Dumesic,24,,,No,Yes,MajuraRes,2026
R1-MAJ-OLY,Imhoff,90,,,Yes,Yes,MajuraRes,2026
R1-MAJ-OLY,K.Hazilias,45,,,Yes,Yes,MajuraRes,2026
R1-MAJ-OLY,McKay,45,,,No,Yes,MajuraRes,2026
R1-MAJ-OLY,McNamara,13,,,No,Yes,MajuraRes,2026
R1-MAJ-OLY,Pucci,77,,,Yes,Yes,MajuraRes,2026
R1-MAJ-OLY,Senese,90,,,Yes,Yes,MajuraRes,2026
R1-MAJ-OLY,Stannard,66,,,Yes,Yes,MajuraRes,2026
R1-MAJ-OLY,Thompson,90,,,Yes,Yes,MajuraRes,2026
R1-MAJ-OLY,Trim,90,,,Yes,Yes,MajuraRes,2026
R1-MAJ-OLY,V.Singers,90,,,Yes,Yes,MajuraRes,2026
R1-MAJ-OLY,Williamson,75,,,Yes,Yes,MajuraRes,2026
R1-MAJ-OLY,Bissell,26,,,No,Yes,OlympicRes,2026
R1-MAJ-OLY,Bongiorno,54,,,Yes,Yes,OlympicRes,2026
R1-MAJ-OLY,N.Cerne,90,,,Yes,Yes,OlympicRes,2026
R1-MAJ-OLY,D.Williams,36,,,No,Yes,OlympicRes,2026
R1-MAJ-OLY,Dy-Mortimer,90,,,Yes,Yes,OlympicRes,2026
R1-MAJ-OLY,Farrell,90,,,Yes,Yes,OlympicRes,2026
R1-MAJ-OLY,Hall,90,,,Yes,Yes,OlympicRes,2026
R1-MAJ-OLY,Hurman,54,,,Yes,Yes,OlympicRes,2026
R1-MAJ-OLY,Mantinaos,22,,,No,Yes,OlympicRes,2026
R1-MAJ-OLY,Martiniello,90,,,Yes,Yes,OlympicRes,2026
R1-MAJ-OLY,McRae,36,,,No,Yes,OlympicRes,2026
R1-MAJ-OLY,Ness,68,,,Yes,Yes,OlympicRes,2026
R1-MAJ-OLY,Pirotta,90,,,Yes,Yes,OlympicRes,2026
R1-MAJ-OLY,Richards,64,,,Yes,Yes,OlympicRes,2026
R1-MAJ-OLY,Wright,90,,,Yes,Yes,OlympicRes,2026
R1-TUG-CFC,A.Williams,90,,,Yes,Yes,CroatiaRes,2026
R1-TUG-CFC,Coates,20,,,No,Yes,CroatiaRes,2026
R1-TUG-CFC,Dubbert,90,,,Yes,Yes,CroatiaRes,2026
R1-TUG-CFC,E.Hazilias,65,,,Yes,Yes,CroatiaRes,2026
R1-TUG-CFC,Hill,25,,,No,Yes,CroatiaRes,2026
R1-TUG-CFC,Hofmeier,45,,,Yes,Yes,CroatiaRes,2026
R1-TUG-CFC,Holaj,20,,,No,Yes,CroatiaRes,2026
R1-TUG-CFC,Majetic,90,,,Yes,Yes,CroatiaRes,2026
R1-TUG-CFC,McGhie,90,,,Yes,Yes,CroatiaRes,2026
R1-TUG-CFC,McLennan,20,,,No,Yes,CroatiaRes,2026
R1-TUG-CFC,Milin,70,,,Yes,Yes,CroatiaRes,2026
R1-TUG-CFC,Robertson,90,,,Yes,Yes,CroatiaRes,2026
R1-TUG-CFC,Sanders,90,,,Yes,Yes,CroatiaRes,2026
R1-TUG-CFC,Snell,90,,,Yes,Yes,CroatiaRes,2026
R1-TUG-CFC,Wood,70,,,Yes,Yes,CroatiaRes,2026
R1-TUG-CFC,Zakman,45,,,No,Yes,CroatiaRes,2026
R1-TUG-CFC,Beausang,90,,,Yes,Yes,TuggeranongRes,2026
R1-TUG-CFC,Chick,45,,,No,Yes,TuggeranongRes,2026
R1-TUG-CFC,Costello,18,,,No,Yes,TuggeranongRes,2026
R1-TUG-CFC,Doldissen,45,,,Yes,Yes,TuggeranongRes,2026
R1-TUG-CFC,Evans,25,,,No,Yes,TuggeranongRes,2026
R1-TUG-CFC,Graham,90,,,Yes,Yes,TuggeranongRes,2026
R1-TUG-CFC,Haitsma,90,,,Yes,Yes,TuggeranongRes,2026
R1-TUG-CFC,Holden,90,,,Yes,Yes,TuggeranongRes,2026
R1-TUG-CFC,Kontny,25,,,No,Yes,TuggeranongRes,2026
R1-TUG-CFC,Mulder,90,,,Yes,Yes,TuggeranongRes,2026
R1-TUG-CFC,Mustaine,65,,,Yes,Yes,TuggeranongRes,2026
R1-TUG-CFC,Paul,72,,,Yes,Yes,TuggeranongRes,2026
R1-TUG-CFC,Pedrotti,65,,,Yes,Yes,TuggeranongRes,2026
R1-TUG-CFC,Prime,45,,,Yes,Yes,TuggeranongRes,2026
R1-TUG-CFC,Schroeder,45,,,No,Yes,TuggeranongRes,2026
R1-TUG-CFC,Ticehurst,90,,,Yes,Yes,TuggeranongRes,2026
R1-WAN-BELR,Ariana,90,DM,,Yes,Yes,BelReserves,2026
R1-WAN-BELR,Danj,45,AM,,Yes,Yes,BelReserves,2026
R1-WAN-BELR,Eden,12,F,,No,Yes,BelReserves,2026
R1-WAN-BELR,Elfin,90,LB,,Yes,Yes,BelReserves,2026
R1-WAN-BELR,Emily,45,CB,,Yes,Yes,BelReserves,2026
R1-WAN-BELR,ET,17,RB,,No,Yes,BelReserves,2026
R1-WAN-BELR,Isla,90,LW,,Yes,Yes,BelReserves,2026
R1-WAN-BELR,Issey,45,CM,,Yes,Yes,BelReserves,2026
R1-WAN-BELR,Maja,63,RB,,Yes,Yes,BelReserves,2026
R1-WAN-BELR,Mati,90,GK,,Yes,Yes,BelReserves,2026
R1-WAN-BELR,Molly,45,CM,,No,Yes,BelReserves,2026
R1-WAN-BELR,Sage,90,CB,,Yes,Yes,BelReserves,2026
R1-WAN-BELR,Sammy,90,RW,,Yes,Yes,BelReserves,2026
R1-WAN-BELR,Sarah,45,CB,,No,Yes,BelReserves,2026
R1-WAN-BELR,Scarlett,68,F,,Yes,Yes,BelReserves,2026
R1-WAN-BELR,Siena,45,AM,,No,Yes,BelReserves,2026
R1-WAN-BELR,Bridge,84,,,Yes,Yes,WanderersRes,2026
R1-WAN-BELR,Crook,90,,,Yes,Yes,WanderersRes,2026
R1-WAN-BELR,E.Williams,90,,,Yes,Yes,WanderersRes,2026
R1-WAN-BELR,Edmon,22,,,No,Yes,WanderersRes,2026
R1-WAN-BELR,Ellis,15,,,No,Yes,WanderersRes,2026
R1-WAN-BELR,F.Moss,15,,,No,Yes,WanderersRes,2026
R1-WAN-BELR,Hassall,68,,,Yes,Yes,WanderersRes,2026
R1-WAN-BELR,Hyett,29,,,No,Yes,WanderersRes,2026
R1-WAN-BELR,McAvoy,90,,,Yes,Yes,WanderersRes,2026
R1-WAN-BELR,Mckenzie,61,,,Yes,Yes,WanderersRes,2026
R1-WAN-BELR,Moore,75,,,Yes,Yes,WanderersRes,2026
R1-WAN-BELR,Pavier-jones,90,,,Yes,Yes,WanderersRes,2026
R1-WAN-BELR,Reilly,90,,,Yes,Yes,WanderersRes,2026
R1-WAN-BELR,Tomanovits,90,,,Yes,Yes,WanderersRes,2026
R1-WAN-BELR,G.York,75,,,Yes,Yes,WanderersRes,2026
R2-BELR-TUG,Ariana,90,CM,,Yes,Yes,BelReserves,2026
R2-BELR-TUG,Eden,77,F,,Yes,Yes,BelReserves,2026
R2-BELR-TUG,Elfin,90,LB,,Yes,Yes,BelReserves,2026
R2-BELR-TUG,Emily,58,CB,,Yes,Yes,BelReserves,2026
R2-BELR-TUG,ET,85,RB,,No,Yes,BelReserves,2026
R2-BELR-TUG,Gemma,32,CB,,No,Yes,BelReserves,2026
R2-BELR-TUG,Issey,58,AM,,Yes,Yes,BelReserves,2026
R2-BELR-TUG,Kristina,90,GK,,Yes,Yes,BelReserves,2026
R2-BELR-TUG,Lily,90,LW,,Yes,Yes,BelReserves,2026
R2-BELR-TUG,Maja,5,RB,,Yes,Yes,BelReserves,2026
R2-BELR-TUG,Molly,90,CM,,Yes,Yes,BelReserves,2026
R2-BELR-TUG,Morgan,13,F,,No,Yes,BelReserves,2026
R2-BELR-TUG,Sage,90,CB,,Yes,Yes,BelReserves,2026
R2-BELR-TUG,Sarah,90,CM,,Yes,Yes,BelReserves,2026
R2-BELR-TUG,Siena,32,CM,,No,Yes,BelReserves,2026
R2-BELR-TUG,Beausang,90,,,Yes,Yes,TuggeranongRes,2026
R2-BELR-TUG,Chick,90,,,Yes,Yes,TuggeranongRes,2026
R2-BELR-TUG,Haureliuk,90,,,Yes,Yes,TuggeranongRes,2026
R2-BELR-TUG,Mulder,90,,,Yes,Yes,TuggeranongRes,2026
R2-BELR-TUG,Paul,90,,,Yes,Yes,TuggeranongRes,2026
R2-BELR-TUG,Prime,44,,,No,Yes,TuggeranongRes,2026
R2-BELR-TUG,Rolls,90,,,Yes,Yes,TuggeranongRes,2026
R2-BELR-TUG,Smith,46,,,Yes,Yes,TuggeranongRes,2026
R2-BELR-TUG,Stanford,90,,,Yes,Yes,TuggeranongRes,2026
R2-BELR-TUG,Ticehurst,90,,Yellow,Yes,Yes,TuggeranongRes,2026
R2-BELR-TUG,Watt,90,,,Yes,Yes,TuggeranongRes,2026
R2-BELR-TUG,Z.Williams,90,,,Yes,Yes,TuggeranongRes,2026
R2-CFC-OLY,A.Williams,32,,,No,Yes,CroatiaRes,2026
R2-CFC-OLY,Coates,58,,,Yes,Yes,CroatiaRes,2026
R2-CFC-OLY,E.Hazilias,90,,,Yes,Yes,CroatiaRes,2026
R2-CFC-OLY,Hofmeier,22,,,No,Yes,CroatiaRes,2026
R2-CFC-OLY,Holaj,32,,,No,Yes,CroatiaRes,2026
R2-CFC-OLY,Majetic,90,,,Yes,Yes,CroatiaRes,2026
R2-CFC-OLY,McGhie,90,,,Yes,Yes,CroatiaRes,2026
R2-CFC-OLY,Milin,90,,,Yes,Yes,CroatiaRes,2026
R2-CFC-OLY,E.Moss,22,,,No,Yes,CroatiaRes,2026
R2-CFC-OLY,N.DeMarco,90,,,Yes,Yes,CroatiaRes,2026
R2-CFC-OLY,Raymond,90,,,Yes,Yes,CroatiaRes,2026
R2-CFC-OLY,Robertson,58,,,Yes,Yes,CroatiaRes,2026
R2-CFC-OLY,Sanders,68,,,Yes,Yes,CroatiaRes,2026
R2-CFC-OLY,Snell,90,,,Yes,Yes,CroatiaRes,2026
R2-CFC-OLY,Zakman,68,,,Yes,Yes,CroatiaRes,2026
R2-CFC-OLY,Bissell,3,,,No,Yes,OlympicRes,2026
R2-CFC-OLY,Bongiorno,69,,,Yes,Yes,OlympicRes,2026
R2-CFC-OLY,N.Cerne,90,,Yellow,Yes,Yes,OlympicRes,2026
R2-CFC-OLY,D.Williams,90,,,Yes,Yes,OlympicRes,2026
R2-CFC-OLY,D'Addario,90,,,Yes,Yes,OlympicRes,2026
R2-CFC-OLY,Farrell,87,,,Yes,Yes,OlympicRes,2026
R2-CFC-OLY,Hall,87,,,Yes,Yes,OlympicRes,2026
R2-CFC-OLY,Hurman,56,,,Yes,Yes,OlympicRes,2026
R2-CFC-OLY,Mantinaos,21,,,No,Yes,OlympicRes,2026
R2-CFC-OLY,Martiniello,90,,,Yes,Yes,OlympicRes,2026
R2-CFC-OLY,McRae,21,,,No,Yes,OlympicRes,2026
R2-CFC-OLY,Ness,60,,,Yes,Yes,OlympicRes,2026
R2-CFC-OLY,Pirotta,90,,,Yes,Yes,OlympicRes,2026
R2-CFC-OLY,Richards,90,,,Yes,Yes,OlympicRes,2026
R2-CFC-OLY,Webb,3,,,No,Yes,OlympicRes,2026
R2-CFC-OLY,Wright,34,,,No,Yes,OlympicRes,2026
R2-MAJ-WAN,Brennan,31,,,No,Yes,MajuraRes,2026
R2-MAJ-WAN,Checksfield,90,,,Yes,Yes,MajuraRes,2026
R2-MAJ-WAN,Evans,12,,,No,Yes,MajuraRes,2026
R2-MAJ-WAN,Imhoff,59,,,Yes,Yes,MajuraRes,2026
R2-MAJ-WAN,K.Hazilias,90,,,Yes,Yes,MajuraRes,2026
R2-MAJ-WAN,Keller,90,,,Yes,Yes,MajuraRes,2026
R2-MAJ-WAN,M.Singers,90,,,Yes,Yes,MajuraRes,2026
R2-MAJ-WAN,McKay,90,,,Yes,Yes,MajuraRes,2026
R2-MAJ-WAN,McNamara,31,,,No,Yes,MajuraRes,2026
R2-MAJ-WAN,Murray,31,,,No,Yes,MajuraRes,2026
R2-MAJ-WAN,Pucci,59,,,Yes,Yes,MajuraRes,2026
R2-MAJ-WAN,Senese,90,,,Yes,Yes,MajuraRes,2026
R2-MAJ-WAN,Thompson,78,,,Yes,Yes,MajuraRes,2026
R2-MAJ-WAN,Trim,90,,,Yes,Yes,MajuraRes,2026
R2-MAJ-WAN,V.Singers,0,,,No,No,MajuraRes,2026
R2-MAJ-WAN,Williamson,59,,,Yes,Yes,MajuraRes,2026
R2-MAJ-WAN,A.Babic,90,,,Yes,Yes,WanderersRes,2026
R2-MAJ-WAN,A.Moss,0,,,No,No,WanderersRes,2026
R2-MAJ-WAN,Bridge,90,,,Yes,Yes,WanderersRes,2026
R2-MAJ-WAN,Buyteweg,0,,,No,No,WanderersRes,2026
R2-MAJ-WAN,Crook,90,,,Yes,Yes,WanderersRes,2026
R2-MAJ-WAN,E.Williams,90,,,Yes,Yes,WanderersRes,2026
R2-MAJ-WAN,Hassall,78,,,Yes,Yes,WanderersRes,2026
R2-MAJ-WAN,Hyett,12,,,No,Yes,WanderersRes,2026
R2-MAJ-WAN,Ibrahim,62,,,Yes,Yes,WanderersRes,2026
R2-MAJ-WAN,L.Babic,90,,,Yes,Yes,WanderersRes,2026
R2-MAJ-WAN,McAvoy,90,,,Yes,Yes,WanderersRes,2026
R2-MAJ-WAN,Pavier-jones,90,,,Yes,Yes,WanderersRes,2026
R2-MAJ-WAN,Pitkin,62,,,No,Yes,WanderersRes,2026
R2-MAJ-WAN,Reilly,90,,,Yes,Yes,WanderersRes,2026
R2-MAJ-WAN,S.Nikias,0,,,No,No,WanderersRes,2026
R2-MAJ-WAN,Tomanovits,90,,,Yes,Yes,WanderersRes,2026
R3-CFC-WAN,A.Williams,90,,,Yes,Yes,CroatiaRes,2026
R3-CFC-WAN,Barbatano,16,,,No,Yes,CroatiaRes,2026
R3-CFC-WAN,Boots,24,,,No,Yes,CroatiaRes,2026
R3-CFC-WAN,E.Moss,90,,,Yes,Yes,CroatiaRes,2026
R3-CFC-WAN,Hofmeier,66,,,Yes,Yes,CroatiaRes,2026
R3-CFC-WAN,Holaj,90,,,Yes,Yes,CroatiaRes,2026
R3-CFC-WAN,Macklin,55,,,Yes,Yes,CroatiaRes,2026
R3-CFC-WAN,Majetic,90,,,Yes,Yes,CroatiaRes,2026
R3-CFC-WAN,Mcdonald,16,,,No,Yes,CroatiaRes,2026
R3-CFC-WAN,McLennan,24,,,No,Yes,CroatiaRes,2026
R3-CFC-WAN,Milin,90,,,Yes,Yes,CroatiaRes,2026
R3-CFC-WAN,Morrison,35,,,No,Yes,CroatiaRes,2026
R3-CFC-WAN,Sanders,74,,,Yes,Yes,CroatiaRes,2026
R3-CFC-WAN,Snell,90,,,Yes,Yes,CroatiaRes,2026
R3-CFC-WAN,Sotiropoulos,74,,,Yes,Yes,CroatiaRes,2026
R3-CFC-WAN,Wood,66,,,Yes,Yes,CroatiaRes,2026
R3-CFC-WAN,A.Moss,90,,,Yes,Yes,WanderersRes,2026
R3-CFC-WAN,Bridge,55,,,Yes,Yes,WanderersRes,2026
R3-CFC-WAN,Crook,90,,,Yes,Yes,WanderersRes,2026
R3-CFC-WAN,E.Williams,90,,,Yes,Yes,WanderersRes,2026
R3-CFC-WAN,Edmon,55,,,Yes,Yes,WanderersRes,2026
R3-CFC-WAN,F.Moss,45,,,No,Yes,WanderersRes,2026
R3-CFC-WAN,Garrett,35,,,No,Yes,WanderersRes,2026
R3-CFC-WAN,Howell,11,,,No,Yes,WanderersRes,2026
R3-CFC-WAN,Hyett,79,,,Yes,Yes,WanderersRes,2026
R3-CFC-WAN,Ibrahim,45,,,Yes,Yes,WanderersRes,2026
R3-CFC-WAN,McAvoy,90,,,Yes,Yes,WanderersRes,2026
R3-CFC-WAN,Mckenzie,30,,,Yes,Yes,WanderersRes,2026
R3-CFC-WAN,Pavier-jones,90,,,Yes,Yes,WanderersRes,2026
R3-CFC-WAN,Porter,35,,,No,Yes,WanderersRes,2026
R3-CFC-WAN,Reilly,60,,,No,Yes,WanderersRes,2026
R3-CFC-WAN,Tomanovits,90,,,Yes,Yes,WanderersRes,2026
R3-MAJ-BELR,Ariana,45,CM,,Yes,Yes,BelReserves,2026
R3-MAJ-BELR,Claire,90,GK,,Yes,Yes,BelReserves,2026
R3-MAJ-BELR,Eden,90,F,,Yes,Yes,BelReserves,2026
R3-MAJ-BELR,ET,45,LB,,Yes,Yes,BelReserves,2026
R3-MAJ-BELR,Gemma,90,CB,,Yes,Yes,BelReserves,2026
R3-MAJ-BELR,Issey,45,CM,,No,Yes,BelReserves,2026
R3-MAJ-BELR,Kristina,45,RB,,No,Yes,BelReserves,2026
R3-MAJ-BELR,Lily,65,LW,,Yes,Yes,BelReserves,2026
R3-MAJ-BELR,Marley,25,RW,,No,Yes,BelReserves,2026
R3-MAJ-BELR,Molly,90,CM,,Yes,Yes,BelReserves,2026
R3-MAJ-BELR,Sage,90,RB,,Yes,Yes,BelReserves,2026
R3-MAJ-BELR,Sarah,90,CM,,Yes,Yes,BelReserves,2026
R3-MAJ-BELR,Scarlett,65,RW,,Yes,Yes,BelReserves,2026
R3-MAJ-BELR,Siena,90,CM,,Yes,Yes,BelReserves,2026
R3-MAJ-BELR,Sybilla,25,F,,No,Yes,BelReserves,2026
R3-MAJ-BELR,Checksfield,90,,,Yes,Yes,MajuraRes,2026
R3-MAJ-BELR,Evans,26,,,No,Yes,MajuraRes,2026
R3-MAJ-BELR,Imhoff,90,,,Yes,Yes,MajuraRes,2026
R3-MAJ-BELR,K.Hazilias,90,,,Yes,Yes,MajuraRes,2026
R3-MAJ-BELR,Kashan,90,,,Yes,Yes,MajuraRes,2026
R3-MAJ-BELR,Keller,68,,,Yes,Yes,MajuraRes,2026
R3-MAJ-BELR,Kent,90,,,Yes,Yes,MajuraRes,2026
R3-MAJ-BELR,M.Singers,90,,,Yes,Yes,MajuraRes,2026
R3-MAJ-BELR,Moody,70,,,Yes,Yes,MajuraRes,2026
R3-MAJ-BELR,Pucci,64,,,Yes,Yes,MajuraRes,2026
R3-MAJ-BELR,Sambridge,22,,,No,Yes,MajuraRes,2026
R3-MAJ-BELR,Stannard,90,,,Yes,Yes,MajuraRes,2026
R3-MAJ-BELR,Thompson,90,,,Yes,Yes,MajuraRes,2026
R3-MAJ-BELR,Williamson,20,,,No,Yes,MajuraRes,2026
R3-TUG-OLY,Bongiorno,69,,,Yes,Yes,OlympicRes,2026
R3-TUG-OLY,D.Williams,80,,,Yes,Yes,OlympicRes,2026
R3-TUG-OLY,D'Addario,90,,,Yes,Yes,OlympicRes,2026
R3-TUG-OLY,Farrell,90,,,Yes,Yes,OlympicRes,2026
R3-TUG-OLY,Hall,61,,,Yes,Yes,OlympicRes,2026
R3-TUG-OLY,Hurman,90,,,Yes,Yes,OlympicRes,2026
R3-TUG-OLY,Mantinaos,29,,,No,Yes,OlympicRes,2026
R3-TUG-OLY,Martiniello,90,,,Yes,Yes,OlympicRes,2026
R3-TUG-OLY,McRae,29,,,No,Yes,OlympicRes,2026
R3-TUG-OLY,Morrison,10,,,No,Yes,OlympicRes,2026
R3-TUG-OLY,N.Cerne,90,,,Yes,Yes,OlympicRes,2026
R3-TUG-OLY,Ness,90,,,Yes,Yes,OlympicRes,2026
R3-TUG-OLY,Patel,0,,,No,No,OlympicRes,2026
R3-TUG-OLY,Pirotta,90,,,Yes,Yes,OlympicRes,2026
R3-TUG-OLY,Richards,61,,,Yes,Yes,OlympicRes,2026
R3-TUG-OLY,Wright,21,,,No,Yes,OlympicRes,2026
R3-TUG-OLY,Beausang,90,,,Yes,Yes,TuggeranongRes,2026
R3-TUG-OLY,Chick,44,,,No,Yes,TuggeranongRes,2026
R3-TUG-OLY,Costello,25,,,No,Yes,TuggeranongRes,2026
R3-TUG-OLY,Haitsma,90,,,Yes,Yes,TuggeranongRes,2026
R3-TUG-OLY,Haureliuk,65,,,Yes,Yes,TuggeranongRes,2026
R3-TUG-OLY,Holden,90,,,Yes,Yes,TuggeranongRes,2026
R3-TUG-OLY,Machin,25,,,No,Yes,TuggeranongRes,2026
R3-TUG-OLY,Mulder,90,,,Yes,Yes,TuggeranongRes,2026
R3-TUG-OLY,Paul,65,,,Yes,Yes,TuggeranongRes,2026
R3-TUG-OLY,Prime,76,,,No,Yes,TuggeranongRes,2026
R3-TUG-OLY,Rolls,14,,,Yes,Yes,TuggeranongRes,2026
R3-TUG-OLY,Stanford,90,,,Yes,Yes,TuggeranongRes,2026
R3-TUG-OLY,Ticehurst,90,,,Yes,Yes,TuggeranongRes,2026
R3-TUG-OLY,Watt,90,,Yellow,Yes,Yes,TuggeranongRes,2026
R3-TUG-OLY,Z.Williams,46,,,Yes,Yes,TuggeranongRes,2026
R4-OLY-BELR,Ness,76,,,Yes,Yes,OlympicRes,2026
R4-OLY-BELR,Martiniello,63,,,Yes,Yes,OlympicRes,2026
R4-OLY-BELR,Hurman,45,,,Yes,Yes,OlympicRes,2026
R4-OLY-BELR,N.Cerne,90,,Yellow,Yes,Yes,OlympicRes,2026
R4-OLY-BELR,Wright,76,,,Yes,Yes,OlympicRes,2026
R4-OLY-BELR,McRae,63,,,Yes,Yes,OlympicRes,2026
R4-OLY-BELR,Hall,90,,,Yes,Yes,OlympicRes,2026
R4-OLY-BELR,D'Addario,90,,,Yes,Yes,OlympicRes,2026
R4-OLY-BELR,Pirotta,90,,,Yes,Yes,OlympicRes,2026
R4-OLY-BELR,Bongiorno,90,,,Yes,Yes,OlympicRes,2026
R4-OLY-BELR,D.Williams,90,,,Yes,Yes,OlympicRes,2026
R4-OLY-BELR,Webb,14,,,No,Yes,OlympicRes,2026
R4-OLY-BELR,Bissell,14,,,No,Yes,OlympicRes,2026
R4-OLY-BELR,Dy-Mortimer,45,,,No,Yes,OlympicRes,2026
R4-OLY-BELR,Mantinaos,27,,,No,Yes,OlympicRes,2026
R4-OLY-BELR,Sims,27,,Yellow,No,Yes,OlympicRes,2026
R4-OLY-BELR,Ariana,90,,,Yes,Yes,BelReserves,2026
R4-OLY-BELR,Danj,90,,,Yes,Yes,BelReserves,2026
R4-OLY-BELR,Scarlett,67,,,Yes,Yes,BelReserves,2026
R4-OLY-BELR,Gemma,75,,,Yes,Yes,BelReserves,2026
R4-OLY-BELR,Sarah,90,,,Yes,Yes,BelReserves,2026
R4-OLY-BELR,Emily,90,,,Yes,Yes,BelReserves,2026
R4-OLY-BELR,Elfin,45,,,Yes,Yes,BelReserves,2026
R4-OLY-BELR,Claire,90,,,Yes,Yes,BelReserves,2026
R4-OLY-BELR,Sammy,45,,Yellow,Yes,Yes,BelReserves,2026
R4-OLY-BELR,Issey,62,,,Yes,Yes,BelReserves,2026
R4-OLY-BELR,Isla,90,,,Yes,Yes,BelReserves,2026
R4-OLY-BELR,Molly,23,,,No,Yes,BelReserves,2026
R4-OLY-BELR,Hattie,45,,,No,Yes,BelReserves,2026
R4-OLY-BELR,Siena,28,,,No,Yes,BelReserves,2026
R4-OLY-BELR,ET,45,,,No,Yes,BelReserves,2026
R4-OLY-BELR,Teresa,15,,,No,Yes,BelReserves,2026
R4-CFC-MAJ,Snell,90,,,Yes,Yes,CroatiaRes,2026
R4-CFC-MAJ,Castle,90,,,Yes,Yes,CroatiaRes,2026
R4-CFC-MAJ,Zakman,58,,,Yes,Yes,CroatiaRes,2026
R4-CFC-MAJ,E.Hazilias,58,,,Yes,Yes,CroatiaRes,2026
R4-CFC-MAJ,Hofmeier,90,,,Yes,Yes,CroatiaRes,2026
R4-CFC-MAJ,Coates,90,,,Yes,Yes,CroatiaRes,2026
R4-CFC-MAJ,Boots,46,,,Yes,Yes,CroatiaRes,2026
R4-CFC-MAJ,Milin,65,,,Yes,Yes,CroatiaRes,2026
R4-CFC-MAJ,Sanders,90,,,Yes,Yes,CroatiaRes,2026
R4-CFC-MAJ,Holaj,90,,,Yes,Yes,CroatiaRes,2026
R4-CFC-MAJ,Wood,90,,,Yes,Yes,CroatiaRes,2026
R4-CFC-MAJ,Norris,25,,,No,Yes,CroatiaRes,2026
R4-CFC-MAJ,A.Williams,0,,,No,No,CroatiaRes,2026
R4-CFC-MAJ,Bogdanoski,44,,,No,Yes,CroatiaRes,2026
R4-CFC-MAJ,Novak,32,,,No,Yes,CroatiaRes,2026
R4-CFC-MAJ,Majetic,32,,,No,Yes,CroatiaRes,2026
R4-CFC-MAJ,Williamson,90,,,Yes,Yes,MajuraRes,2026
R4-CFC-MAJ,Keller,71,,,Yes,Yes,MajuraRes,2026
R4-CFC-MAJ,K.Hazilias,90,,,Yes,Yes,MajuraRes,2026
R4-CFC-MAJ,Thompson,71,,,Yes,Yes,MajuraRes,2026
R4-CFC-MAJ,Checksfield,71,,,Yes,Yes,MajuraRes,2026
R4-CFC-MAJ,Imhoff,71,,,Yes,Yes,MajuraRes,2026
R4-CFC-MAJ,Sambridge,90,,,Yes,Yes,MajuraRes,2026
R4-CFC-MAJ,Wilsener,90,,,Yes,Yes,MajuraRes,2026
R4-CFC-MAJ,Brimson,90,,,Yes,Yes,MajuraRes,2026
R4-CFC-MAJ,Bryant,90,,,Yes,Yes,MajuraRes,2026
R4-CFC-MAJ,Kent,90,,,Yes,Yes,MajuraRes,2026
R4-CFC-MAJ,Jbeili,19,,,No,Yes,MajuraRes,2026
R4-CFC-MAJ,Brennan,19,,,No,Yes,MajuraRes,2026
R4-CFC-MAJ,Buckland,19,,,No,Yes,MajuraRes,2026
R4-CFC-MAJ,Evans,19,,,No,Yes,MajuraRes,2026
R4-TUG-WAN,Z.Williams,90,,,Yes,Yes,TuggeranongRes,2026
R4-TUG-WAN,Paul,90,,,Yes,Yes,TuggeranongRes,2026
R4-TUG-WAN,Haureliuk,45,,,Yes,Yes,TuggeranongRes,2026
R4-TUG-WAN,Beausang,90,,,Yes,Yes,TuggeranongRes,2026
R4-TUG-WAN,Holden,72,,,Yes,Yes,TuggeranongRes,2026
R4-TUG-WAN,Watt,90,,,Yes,Yes,TuggeranongRes,2026
R4-TUG-WAN,Ticehurst,90,,,Yes,Yes,TuggeranongRes,2026
R4-TUG-WAN,Haitsma,90,,,Yes,Yes,TuggeranongRes,2026
R4-TUG-WAN,Stanford,90,,,Yes,Yes,TuggeranongRes,2026
R4-TUG-WAN,Mulder,90,,,Yes,Yes,TuggeranongRes,2026
R4-TUG-WAN,Mustaine,90,,,Yes,Yes,TuggeranongRes,2026
R4-TUG-WAN,Chick,45,,,No,Yes,TuggeranongRes,2026
R4-TUG-WAN,Prime,18,,,No,Yes,TuggeranongRes,2026
R4-TUG-WAN,E.Williams,90,,,Yes,Yes,WanderersRes,2026
R4-TUG-WAN,Moore,27,,,Yes,Yes,WanderersRes,2026
R4-TUG-WAN,Hassall,90,,,Yes,Yes,WanderersRes,2026
R4-TUG-WAN,Bridge,90,,,Yes,Yes,WanderersRes,2026
R4-TUG-WAN,McAvoy,90,,,Yes,Yes,WanderersRes,2026
R4-TUG-WAN,Reilly,90,,,Yes,Yes,WanderersRes,2026
R4-TUG-WAN,Mckenzie,83,,,Yes,Yes,WanderersRes,2026
R4-TUG-WAN,Robertson,90,,,Yes,Yes,WanderersRes,2026
R4-TUG-WAN,Tomanovits,90,,,Yes,Yes,WanderersRes,2026
R4-TUG-WAN,Crook,77,,,Yes,Yes,WanderersRes,2026
R4-TUG-WAN,Ibrahim,45,,,Yes,Yes,WanderersRes,2026
R4-TUG-WAN,D.Nikias,7,,,No,Yes,WanderersRes,2026
R4-TUG-WAN,G.York,13,,,No,Yes,WanderersRes,2026
R4-TUG-WAN,Pitkin,45,,,No,Yes,WanderersRes,2026
R4-TUG-WAN,Hyett,63,,,No,Yes,WanderersRes,2026
R5-TUG-MAJ,Z.Williams,90,,,Yes,Yes,TuggeranongRes,2026
R5-TUG-MAJ,Paul,64,,,Yes,Yes,TuggeranongRes,2026
R5-TUG-MAJ,Beausang,90,,,Yes,Yes,TuggeranongRes,2026
R5-TUG-MAJ,Holden,90,,,Yes,Yes,TuggeranongRes,2026
R5-TUG-MAJ,Watt,46,,,Yes,Yes,TuggeranongRes,2026
R5-TUG-MAJ,Chick,90,,,Yes,Yes,TuggeranongRes,2026
R5-TUG-MAJ,Ticehurst,90,,,Yes,Yes,TuggeranongRes,2026
R5-TUG-MAJ,Haitsma,90,,,Yes,Yes,TuggeranongRes,2026
R5-TUG-MAJ,Pedrotti,46,,,Yes,Yes,TuggeranongRes,2026
R5-TUG-MAJ,Prime,71,,,Yes,Yes,TuggeranongRes,2026
R5-TUG-MAJ,Mulder,90,,,Yes,Yes,TuggeranongRes,2026
R5-TUG-MAJ,Barges,0,,,No,No,TuggeranongRes,2026
R5-TUG-MAJ,Evans,44,,,No,Yes,TuggeranongRes,2026
R5-TUG-MAJ,Graham,26,,,No,Yes,TuggeranongRes,2026
R5-TUG-MAJ,Papalia,44,,,No,Yes,TuggeranongRes,2026
R5-TUG-MAJ,Doldissen,19,,,No,Yes,TuggeranongRes,2026
R5-TUG-MAJ,Kent,90,,,Yes,Yes,MajuraRes,2026
R5-TUG-MAJ,Williamson,90,,,Yes,Yes,MajuraRes,2026
R5-TUG-MAJ,Southam,75,,,Yes,Yes,MajuraRes,2026
R5-TUG-MAJ,Keller,46,,,Yes,Yes,MajuraRes,2026
R5-TUG-MAJ,Stannard,90,,,Yes,Yes,MajuraRes,2026
R5-TUG-MAJ,Singers,90,,,Yes,Yes,MajuraRes,2026
R5-TUG-MAJ,K.Hazilias,90,,,Yes,Yes,MajuraRes,2026
R5-TUG-MAJ,Thompson,90,,,Yes,Yes,MajuraRes,2026
R5-TUG-MAJ,Checksfield,90,,,Yes,Yes,MajuraRes,2026
R5-TUG-MAJ,Imhoff,75,,,Yes,Yes,MajuraRes,2026
R5-TUG-MAJ,Sambridge,90,,,Yes,Yes,MajuraRes,2026
R5-TUG-MAJ,Eidum,15,,,No,Yes,MajuraRes,2026
R5-TUG-MAJ,Tucker,15,,,No,Yes,MajuraRes,2026
R5-TUG-MAJ,Safi,0,,,No,No,MajuraRes,2026
R5-TUG-MAJ,Murray,44,,,No,Yes,MajuraRes,2026
R5-TUG-MAJ,Dumesic,0,,,No,No,MajuraRes,2026
R5-BELR-CFC,Ariana,90,CM,,Yes,Yes,BelReserves,2026
R5-BELR-CFC,Molly,45,CM,,Yes,Yes,BelReserves,2026
R5-BELR-CFC,Scarlett,90,RW,,Yes,Yes,BelReserves,2026
R5-BELR-CFC,Gemma,90,CB,,Yes,Yes,BelReserves,2026
R5-BELR-CFC,Sarah,90,CB,,Yes,Yes,BelReserves,2026
R5-BELR-CFC,Elfin,90,RB,,Yes,Yes,BelReserves,2026
R5-BELR-CFC,Claire,90,GK,,Yes,Yes,BelReserves,2026
R5-BELR-CFC,Sammy,90,LW,,Yes,Yes,BelReserves,2026
R5-BELR-CFC,Siena,64,CM,,Yes,Yes,BelReserves,2026
R5-BELR-CFC,Sage,68,LB,,Yes,Yes,BelReserves,2026
R5-BELR-CFC,Eden,45,F,,Yes,Yes,BelReserves,2026
R5-BELR-CFC,Danj,45,CM,,No,Yes,BelReserves,2026
R5-BELR-CFC,ET,22,RB,,No,Yes,BelReserves,2026
R5-BELR-CFC,Lily,45,RW,,No,Yes,BelReserves,2026
R5-BELR-CFC,Isla,26,CM,,No,Yes,BelReserves,2026
R5-BELR-CFC,Snell,90,,,Yes,Yes,CroatiaRes,2026
R5-BELR-CFC,Castle,90,,,Yes,Yes,CroatiaRes,2026
R5-BELR-CFC,McGhie,71,,,Yes,Yes,CroatiaRes,2026
R5-BELR-CFC,Boots,58,,,Yes,Yes,CroatiaRes,2026
R5-BELR-CFC,Hofmeier,90,,,Yes,Yes,CroatiaRes,2026
R5-BELR-CFC,Bogdanoski,90,,,Yes,Yes,CroatiaRes,2026
R5-BELR-CFC,Coates,54,,,Yes,Yes,CroatiaRes,2026
R5-BELR-CFC,Milin,71,,,Yes,Yes,CroatiaRes,2026
R5-BELR-CFC,Sanders,90,,,Yes,Yes,CroatiaRes,2026
R5-BELR-CFC,Majetic,90,,,Yes,Yes,CroatiaRes,2026
R5-BELR-CFC,Wood,90,,,Yes,Yes,CroatiaRes,2026
R5-BELR-CFC,Macklin,19,,,No,Yes,CroatiaRes,2026
R5-BELR-CFC,Alston-campbell,32,,,No,Yes,CroatiaRes,2026
R5-BELR-CFC,Novak,19,,,No,Yes,CroatiaRes,2026
R5-BELR-CFC,Morrison,0,,,No,No,CroatiaRes,2026
R5-BELR-CFC,Holaj,36,,,No,Yes,CroatiaRes,2026
R5-OLY-WAN,Bongiorno,90,,,Yes,Yes,OlympicRes,2026
R5-OLY-WAN,Pirotta,46,,,Yes,Yes,OlympicRes,2026
R5-OLY-WAN,Farrell,73,,,Yes,Yes,OlympicRes,2026
R5-OLY-WAN,Ness,64,,,Yes,Yes,OlympicRes,2026
R5-OLY-WAN,Hall,73,,,Yes,Yes,OlympicRes,2026
R5-OLY-WAN,N.Cerne,90,,,Yes,Yes,OlympicRes,2026
R5-OLY-WAN,Bissell,70,,,Yes,Yes,OlympicRes,2026
R5-OLY-WAN,Wright,90,,,Yes,Yes,OlympicRes,2026
R5-OLY-WAN,D.Williams,90,,,Yes,Yes,OlympicRes,2026
R5-OLY-WAN,Martiniello,90,,,Yes,Yes,OlympicRes,2026
R5-OLY-WAN,D'Addario,90,,,Yes,Yes,OlympicRes,2026
R5-OLY-WAN,Mantinaos,20,,,No,Yes,OlympicRes,2026
R5-OLY-WAN,Dy-Mortimer,26,,,No,Yes,OlympicRes,2026
R5-OLY-WAN,McRae,17,,,No,Yes,OlympicRes,2026
R5-OLY-WAN,Kochevatkin,44,,,No,Yes,OlympicRes,2026
R5-OLY-WAN,Paragalli,17,,,No,Yes,OlympicRes,2026
R5-OLY-WAN,L.Pavier-Jones,90,,,Yes,Yes,WanderersRes,2026
R5-OLY-WAN,A.Moss,81,,,Yes,Yes,WanderersRes,2026
R5-OLY-WAN,Gidis,90,,,Yes,Yes,WanderersRes,2026
R5-OLY-WAN,Hassall,80,,,Yes,Yes,WanderersRes,2026
R5-OLY-WAN,McAvoy,90,,,Yes,Yes,WanderersRes,2026
R5-OLY-WAN,Reilly,90,,,Yes,Yes,WanderersRes,2026
R5-OLY-WAN,Mckenzie,80,,,Yes,Yes,WanderersRes,2026
R5-OLY-WAN,S.Pavier-Jones,90,,,Yes,Yes,WanderersRes,2026
R5-OLY-WAN,Tomanovits,64,,,Yes,Yes,WanderersRes,2026
R5-OLY-WAN,Crook,90,,,Yes,Yes,WanderersRes,2026
R5-OLY-WAN,Ibrahim,64,,,Yes,Yes,WanderersRes,2026
R5-OLY-WAN,Mathers,26,,,No,Yes,WanderersRes,2026
R5-OLY-WAN,Ellis,9,,,No,Yes,WanderersRes,2026
R5-OLY-WAN,Huddy,10,,,No,Yes,WanderersRes,2026
R5-OLY-WAN,Garrett,10,,,No,Yes,WanderersRes,2026
R5-OLY-WAN,Hyett,26,,,No,Yes,WanderersRes,2026
R6-CFC-TUG,Snell,90,,,Yes,Yes,CroatiaRes,2026
R6-CFC-TUG,Boots,60,,,Yes,Yes,CroatiaRes,2026
R6-CFC-TUG,Zakman,90,,,Yes,Yes,CroatiaRes,2026
R6-CFC-TUG,Hazilias,90,,,Yes,Yes,CroatiaRes,2026
R6-CFC-TUG,Hofmeier,90,,,Yes,Yes,CroatiaRes,2026
R6-CFC-TUG,Bogdanoski,90,,,Yes,Yes,CroatiaRes,2026
R6-CFC-TUG,Milin,55,,,Yes,Yes,CroatiaRes,2026
R6-CFC-TUG,Sanders,90,,,Yes,Yes,CroatiaRes,2026
R6-CFC-TUG,Majetic,90,,,Yes,Yes,CroatiaRes,2026
R6-CFC-TUG,Holaj,90,,,Yes,Yes,CroatiaRes,2026
R6-CFC-TUG,Robertson,60,,,Yes,Yes,CroatiaRes,2026
R6-CFC-TUG,Sotiropoulos,0,,,No,No,CroatiaRes,2026
R6-CFC-TUG,Novak,30,,,No,Yes,CroatiaRes,2026
R6-CFC-TUG,Morrison,30,,,No,Yes,CroatiaRes,2026
R6-CFC-TUG,Wood,35,,,No,Yes,CroatiaRes,2026
R6-CFC-TUG,Sirois,63,,,Yes,Yes,TuggeranongRes,2026
R6-CFC-TUG,Williams,90,,,Yes,Yes,TuggeranongRes,2026
R6-CFC-TUG,Evans,90,,,Yes,Yes,TuggeranongRes,2026
R6-CFC-TUG,Holden,90,,,Yes,Yes,TuggeranongRes,2026
R6-CFC-TUG,Watt,63,,,Yes,Yes,TuggeranongRes,2026
R6-CFC-TUG,Chick,90,,,Yes,Yes,TuggeranongRes,2026
R6-CFC-TUG,Ticehurst,90,,,Yes,Yes,TuggeranongRes,2026
R6-CFC-TUG,Haitsma,90,,,Yes,Yes,TuggeranongRes,2026
R6-CFC-TUG,Pedrotti,63,,,Yes,Yes,TuggeranongRes,2026
R6-CFC-TUG,Prime,63,,,Yes,Yes,TuggeranongRes,2026
R6-CFC-TUG,Mulder,90,,,Yes,Yes,TuggeranongRes,2026
R6-CFC-TUG,Machin,27,,,No,Yes,TuggeranongRes,2026
R6-CFC-TUG,Graham,27,,,No,Yes,TuggeranongRes,2026
R6-CFC-TUG,Papalia,27,,,No,Yes,TuggeranongRes,2026
R6-CFC-TUG,Doldissen,27,,,No,Yes,TuggeranongRes,2026
R6-MAJ-OLY,Kent,90,,,Yes,Yes,MajuraRes,2026
R6-MAJ-OLY,Williamson,90,,,Yes,Yes,MajuraRes,2026
R6-MAJ-OLY,Singers,90,,,Yes,Yes,MajuraRes,2026
R6-MAJ-OLY,Eidum,73,,,Yes,Yes,MajuraRes,2026
R6-MAJ-OLY,K.Hazilias,90,,,Yes,Yes,MajuraRes,2026
R6-MAJ-OLY,Checksfield,90,,,Yes,Yes,MajuraRes,2026
R6-MAJ-OLY,Imhoff,90,,,Yes,Yes,MajuraRes,2026
R6-MAJ-OLY,Albert,90,,,Yes,Yes,MajuraRes,2026
R6-MAJ-OLY,Sambridge,90,,,Yes,Yes,MajuraRes,2026
R6-MAJ-OLY,Brennan,90,,,Yes,Yes,MajuraRes,2026
R6-MAJ-OLY,Senese,90,,,Yes,Yes,MajuraRes,2026
R6-MAJ-OLY,Southam,0,,,No,No,MajuraRes,2026
R6-MAJ-OLY,Bartone,0,,,No,No,MajuraRes,2026
R6-MAJ-OLY,Grebowski,0,,,No,No,MajuraRes,2026
R6-MAJ-OLY,Moody,17,,,No,Yes,MajuraRes,2026
R6-MAJ-OLY,Dy-Mortimer,90,,,Yes,Yes,OlympicRes,2026
R6-MAJ-OLY,Ness,45,,,Yes,Yes,OlympicRes,2026
R6-MAJ-OLY,McRae,90,,,Yes,Yes,OlympicRes,2026
R6-MAJ-OLY,Hall,45,,,Yes,Yes,OlympicRes,2026
R6-MAJ-OLY,Cerne,63,,,Yes,Yes,OlympicRes,2026
R6-MAJ-OLY,Farrell,90,,,Yes,Yes,OlympicRes,2026
R6-MAJ-OLY,Wright,63,,,Yes,Yes,OlympicRes,2026
R6-MAJ-OLY,Williams,90,,,Yes,Yes,OlympicRes,2026
R6-MAJ-OLY,Martiniello,70,,,Yes,Yes,OlympicRes,2026
R6-MAJ-OLY,D'Addario,90,,,Yes,Yes,OlympicRes,2026
R6-MAJ-OLY,Kochevatkin,90,,,Yes,Yes,OlympicRes,2026
R6-MAJ-OLY,Mantinaos,45,,,No,Yes,OlympicRes,2026
R6-MAJ-OLY,Morrison,27,,,No,Yes,OlympicRes,2026
R6-MAJ-OLY,Van Duren,20,,,No,Yes,OlympicRes,2026
R6-MAJ-OLY,Pirotta,45,,,No,Yes,OlympicRes,2026
R6-MAJ-OLY,Webb,27,,,No,Yes,OlympicRes,2026
R6-BELR-WAN,Ariana,61,CB,,Yes,Yes,BelReserves,2026
R6-BELR-WAN,Hattie,61,LW,,Yes,Yes,BelReserves,2026
R6-BELR-WAN,ET,76,RB,,Yes,Yes,BelReserves,2026
R6-BELR-WAN,Claire,90,GK,,Yes,Yes,BelReserves,2026
R6-BELR-WAN,Sammy,90,DM,,Yes,Yes,BelReserves,2026
R6-BELR-WAN,Siena,45,CM,,Yes,Yes,BelReserves,2026
R6-BELR-WAN,Sage,90,LB,,Yes,Yes,BelReserves,2026
R6-BELR-WAN,Emily,45,CB,,Yes,Yes,BelReserves,2026
R6-BELR-WAN,Issey,45,CM,,No,Yes,BelReserves,2026
R6-BELR-WAN,Lily,90,LW,,Yes,Yes,BelReserves,2026
R6-BELR-WAN,Eden,90,F,,Yes,Yes,BelReserves,2026
R6-BELR-WAN,Molly,0,CM,,No,No,BelReserves,2026
R6-BELR-WAN,Scarlett,29,LW,,No,Yes,BelReserves,2026
R6-BELR-WAN,Gemma,14,CB,,No,Yes,BelReserves,2026
R6-BELR-WAN,Sarah,29,CB,,No,Yes,BelReserves,2026
R6-BELR-WAN,Elfin,45,RB,,No,Yes,BelReserves,2026
R7-CFC-WAN,Snell,90,,,Yes,Yes,CroatiaRes,2026
R7-CFC-WAN,McGhie,90,,,Yes,Yes,CroatiaRes,2026
R7-CFC-WAN,A.Williams,90,,,Yes,Yes,CroatiaRes,2026
R7-CFC-WAN,Wood,80,,,Yes,Yes,CroatiaRes,2026
R7-CFC-WAN,E.Hazilias,65,,,Yes,Yes,CroatiaRes,2026
R7-CFC-WAN,Hofmeier,56,,,Yes,Yes,CroatiaRes,2026
R7-CFC-WAN,Holaj,90,,,Yes,Yes,CroatiaRes,2026
R7-CFC-WAN,Milin,80,,,Yes,Yes,CroatiaRes,2026
R7-CFC-WAN,Sanders,65,,,Yes,Yes,CroatiaRes,2026
R7-CFC-WAN,Majetic,90,,,Yes,Yes,CroatiaRes,2026
R7-CFC-WAN,Robertson,90,,,Yes,Yes,CroatiaRes,2026
R7-CFC-WAN,Morrison,10,,,No,Yes,CroatiaRes,2026
R7-CFC-WAN,E.Moss,25,,,No,Yes,CroatiaRes,2026
R7-CFC-WAN,Alston-campbell,10,,,No,Yes,CroatiaRes,2026
R7-CFC-WAN,Bogdanoski,25,,,No,Yes,CroatiaRes,2026
R7-CFC-WAN,Coates,34,,,No,Yes,CroatiaRes,2026
R7-CFC-WAN,E.Williams,90,,,Yes,Yes,WanderersRes,2026
R7-CFC-WAN,A.Moss,80,,,Yes,Yes,WanderersRes,2026
R7-CFC-WAN,Hassall,90,,,Yes,Yes,WanderersRes,2026
R7-CFC-WAN,Maguire,61,,,Yes,Yes,WanderersRes,2026
R7-CFC-WAN,McAvoy,90,,Yellow,Yes,Yes,WanderersRes,2026
R7-CFC-WAN,York,80,,,Yes,Yes,WanderersRes,2026
R7-CFC-WAN,Mckenzie,90,,,Yes,Yes,WanderersRes,2026
R7-CFC-WAN,S.Pavier-jones,90,,,Yes,Yes,WanderersRes,2026
R7-CFC-WAN,Crook,90,,,Yes,Yes,WanderersRes,2026
R7-CFC-WAN,Hyett,90,,,Yes,Yes,WanderersRes,2026
R7-CFC-WAN,Ibrahim,61,,,Yes,Yes,WanderersRes,2026
R7-CFC-WAN,Mathers,29,,,No,Yes,WanderersRes,2026
R7-CFC-WAN,Ellis,10,,,No,Yes,WanderersRes,2026
R7-CFC-WAN,F.Moss,10,,,No,Yes,WanderersRes,2026
R7-CFC-WAN,Huddy,29,,,No,Yes,WanderersRes,2026
R7-OLY-TUG,Bongiorno,90,,,Yes,Yes,OlympicRes,2026
R7-OLY-TUG,Chaverra Calle,76,,,Yes,Yes,OlympicRes,2026
R7-OLY-TUG,Z.Pirotta,90,,,Yes,Yes,OlympicRes,2026
R7-OLY-TUG,Farrell,90,,,Yes,Yes,OlympicRes,2026
R7-OLY-TUG,Dy-Mortimer,76,,,Yes,Yes,OlympicRes,2026
R7-OLY-TUG,Ness,90,,,Yes,Yes,OlympicRes,2026
R7-OLY-TUG,Wright,90,,,Yes,Yes,OlympicRes,2026
R7-OLY-TUG,D.Williams,60,,,Yes,Yes,OlympicRes,2026
R7-OLY-TUG,Martiniello,70,,,Yes,Yes,OlympicRes,2026
R7-OLY-TUG,D'Addario,90,,,Yes,Yes,OlympicRes,2026
R7-OLY-TUG,Webb,60,,,Yes,Yes,OlympicRes,2026
R7-OLY-TUG,Mantinaos,20,,,No,Yes,OlympicRes,2026
R7-OLY-TUG,McRae,14,,,No,Yes,OlympicRes,2026
R7-OLY-TUG,Paragalli,30,,,No,Yes,OlympicRes,2026
R7-OLY-TUG,Van Duren,30,,,No,Yes,OlympicRes,2026
R7-OLY-TUG,S.Pirotta,14,,,No,Yes,OlympicRes,2026
R8-OLY-CFC,Mantinaos,90,,,Yes,Yes,OlympicRes,2026
R8-OLY-CFC,Z.Pirotta,90,,,Yes,Yes,OlympicRes,2026
R8-OLY-CFC,Dy-Mortimer,65,,,Yes,Yes,OlympicRes,2026
R8-OLY-CFC,N.Cerne,90,,,Yes,Yes,OlympicRes,2026
R8-OLY-CFC,Bissell,25,,,No,Yes,OlympicRes,2026
R8-OLY-CFC,Wright,90,,,Yes,Yes,OlympicRes,2026
R8-OLY-CFC,Williams,81,,,Yes,Yes,OlympicRes,2026
R8-OLY-CFC,Martiniello,90,,,Yes,Yes,OlympicRes,2026
R8-OLY-CFC,D'Addario,90,,,Yes,Yes,OlympicRes,2026
R8-OLY-CFC,Farrell,77,,Yellow,Yes,Yes,OlympicRes,2026
R8-OLY-CFC,Alves,0,,,No,No,OlympicRes,2026
R8-OLY-CFC,McRae,,,,No,Yes,OlympicRes,2026
R8-OLY-CFC,Morrison,13,,,No,Yes,OlympicRes,2026
R8-OLY-CFC,Van Duren,0,,,No,No,OlympicRes,2026
R8-OLY-CFC,S.Pirotta,26,,,No,Yes,OlympicRes,2026
R8-OLY-CFC,Webb,9,,,No,Yes,OlympicRes,2026
R8-OLY-CFC,Snell,90,,,Yes,Yes,CroatiaRes,2026
R8-OLY-CFC,Norris,85,,,Yes,Yes,CroatiaRes,2026
R8-OLY-CFC,McGhie,90,,Yellow,Yes,Yes,CroatiaRes,2026
R8-OLY-CFC,Williams,90,,,Yes,Yes,CroatiaRes,2026
R8-OLY-CFC,Hazilias,90,,,Yes,Yes,CroatiaRes,2026
R8-OLY-CFC,Holaj,59,,,Yes,Yes,CroatiaRes,2026
R8-OLY-CFC,Robertson,90,,,Yes,Yes,CroatiaRes,2026
R8-OLY-CFC,Milin,90,,,Yes,Yes,CroatiaRes,2026
R8-OLY-CFC,Sanders,73,,,Yes,Yes,CroatiaRes,2026
R8-OLY-CFC,Majetic,90,,,Yes,Yes,CroatiaRes,2026
R8-OLY-CFC,Wood,59,,,Yes,Yes,CroatiaRes,2026
R8-OLY-CFC,Watkins,0,,,No,No,CroatiaRes,2026
R8-OLY-CFC,Hofmeier,31,,,No,Yes,CroatiaRes,2026
R8-OLY-CFC,Bogdanoski,31,,,No,Yes,CroatiaRes,2026
R8-OLY-CFC,Coates,17,,,No,Yes,CroatiaRes,2026
R8-OLY-CFC,Chevreau,5,,,No,Yes,CroatiaRes,2026
R8-WAN-MAJ,E.Williams,90,,,Yes,Yes,WanderersRes,2026
R8-WAN-MAJ,A.Moss,80,,,Yes,Yes,WanderersRes,2026
R8-WAN-MAJ,Moore,90,,,Yes,Yes,WanderersRes,2026
R8-WAN-MAJ,Hassall,90,,,Yes,Yes,WanderersRes,2026
R8-WAN-MAJ,McAvoy,63,,,Yes,Yes,WanderersRes,2026
R8-WAN-MAJ,Mckenzie,90,,,Yes,Yes,WanderersRes,2026
R8-WAN-MAJ,S.Pavier-jones,45,,,Yes,Yes,WanderersRes,2026
R8-WAN-MAJ,Tomanovits,80,,,Yes,Yes,WanderersRes,2026
R8-WAN-MAJ,CRook,90,,,Yes,Yes,WanderersRes,2026
R8-WAN-MAJ,Hyett,90,,,Yes,Yes,WanderersRes,2026
R8-WAN-MAJ,Ibrahim,90,,,Yes,Yes,WanderersRes,2026
R8-WAN-MAJ,L.Pavier-Jones,0,,,No,No,WanderersRes,2026
R8-WAN-MAJ,Porter,45,,,No,Yes,WanderersRes,2026
R8-WAN-MAJ,A.Moss,10,,,No,Yes,WanderersRes,2026
R8-WAN-MAJ,Ellis,27,,,No,Yes,WanderersRes,2026
R8-WAN-MAJ,Howell,10,,,No,Yes,WanderersRes,2026
R8-TUG-BELR,Sirois,90,,,Yes,Yes,TuggeranongRes,2026
R8-TUG-BELR,Z.Williams,90,,,Yes,Yes,TuggeranongRes,2026
R8-TUG-BELR,Barges,45,,,Yes,Yes,TuggeranongRes,2026
R8-TUG-BELR,Beausang,90,,,Yes,Yes,TuggeranongRes,2026
R8-TUG-BELR,Watt,90,,,Yes,Yes,TuggeranongRes,2026
R8-TUG-BELR,Ticehurst,90,,,Yes,Yes,TuggeranongRes,2026
R8-TUG-BELR,Haitsma,90,,,Yes,Yes,TuggeranongRes,2026
R8-TUG-BELR,Pedrotti,27,,,Yes,Yes,TuggeranongRes,2026
R8-TUG-BELR,Stanford,90,,,Yes,Yes,TuggeranongRes,2026
R8-TUG-BELR,Prime,90,,,Yes,Yes,TuggeranongRes,2026
R8-TUG-BELR,Mulder,90,,,Yes,Yes,TuggeranongRes,2026
R8-TUG-BELR,Papalia,43,,Yellow,No,Yes,TuggeranongRes,2026
R8-TUG-BELR,Chick,45,,,No,Yes,TuggeranongRes,2026
R8-TUG-BELR,Doldissen,20,,,No,Yes,TuggeranongRes,2026
R8-TUG-BELR,Toms,0,,,No,No,TuggeranongRes,2026
R8-TUG-BELR,Maja,34,,,Yes,Yes,BelReserves,2026
R8-TUG-BELR,Ariana,63,,,Yes,Yes,BelReserves,2026
R8-TUG-BELR,Molly,45,,,Yes,Yes,BelReserves,2026
R8-TUG-BELR,Scarlett,90,,,Yes,Yes,BelReserves,2026
R8-TUG-BELR,Gemma,90,,,Yes,Yes,BelReserves,2026
R8-TUG-BELR,Sarah,90,,,Yes,Yes,BelReserves,2026
R8-TUG-BELR,Claire,90,,,Yes,Yes,BelReserves,2026
R8-TUG-BELR,Sammy,90,,,Yes,Yes,BelReserves,2026
R8-TUG-BELR,Siena,90,,,Yes,Yes,BelReserves,2026
R8-TUG-BELR,Eden,56,,,Yes,Yes,BelReserves,2026
R8-TUG-BELR,Danj,90,,,Yes,Yes,BelReserves,2026
R8-TUG-BELR,Sage,56,,,No,Yes,BelReserves,2026
R8-TUG-BELR,ET,0,,,No,No,BelReserves,2026
R8-TUG-BELR,Issey,34,,,No,Yes,BelReserves,2026
R8-TUG-BELR,Hattie,45,,,No,Yes,BelReserves,2026
R8-TUG-BELR,Olive,27,,,No,Yes,BelReserves,2026
R9-BELR-OLY,Danj,90,CM,,Yes,Yes,BelReserves,2026
R9-BELR-OLY,Hattie,90,RW,,Yes,Yes,BelReserves,2026
R9-BELR-OLY,Gemma,90,CB,,Yes,Yes,BelReserves,2026
R9-BELR-OLY,Sarah,45,DM,,Yes,Yes,BelReserves,2026
R9-BELR-OLY,Emily,69,CB,,Yes,Yes,BelReserves,2026
R9-BELR-OLY,Elfin,90,RB,,Yes,Yes,BelReserves,2026
R9-BELR-OLY,Claire,90,GK,,Yes,Yes,BelReserves,2026
R9-BELR-OLY,Samantha,45,LW,,Yes,Yes,BelReserves,2026
R9-BELR-OLY,Sage,90,LB,,Yes,Yes,BelReserves,2026
R9-BELR-OLY,Eden,45,ST,,Yes,Yes,BelReserves,2026
R9-BELR-OLY,Isla,31,AM,,Yes,Yes,BelReserves,2026
R9-BELR-OLY,Marija,21,CB,,No,Yes,BelReserves,2026
R9-BELR-OLY,Ariana,45,CM,,No,Yes,BelReserves,2026
R9-BELR-OLY,Molly,45,CM,,No,Yes,BelReserves,2026
R9-BELR-OLY,Scarlett,59,LW,,No,Yes,BelReserves,2026
R9-BELR-OLY,Siena,45,CB,,No,Yes,BelReserves,2026
R9-BELR-OLY,Bongiorno,90,,,Yes,Yes,OlympicRes,2026
R9-BELR-OLY,Mantinaos,57,,,Yes,Yes,OlympicRes,2026
R9-BELR-OLY,Z.Pirotta,90,,,Yes,Yes,OlympicRes,2026
R9-BELR-OLY,Farrell,57,,,Yes,Yes,OlympicRes,2026
R9-BELR-OLY,Dy-Mortimer,69,,,Yes,Yes,OlympicRes,2026
R9-BELR-OLY,N.Cerne,90,,,Yes,Yes,OlympicRes,2026
R9-BELR-OLY,Wright,90,,,Yes,Yes,OlympicRes,2026
R9-BELR-OLY,D.Williams,80,,,Yes,Yes,OlympicRes,2026
R9-BELR-OLY,Martiniello,90,,,Yes,Yes,OlympicRes,2026
R9-BELR-OLY,McRae,57,,,Yes,Yes,OlympicRes,2026
R9-BELR-OLY,D'Addario,90,,,Yes,Yes,OlympicRes,2026
R9-BELR-OLY,Bissell,21,,,No,Yes,OlympicRes,2026
R9-BELR-OLY,Paragalli,33,,,No,Yes,OlympicRes,2026
R9-BELR-OLY,Van Duren,33,,,No,Yes,OlympicRes,2026
R9-BELR-OLY,S.Pirotta,33,,,No,Yes,OlympicRes,2026
R9-BELR-OLY,Webb,10,,,No,Yes,OlympicRes,2026
R9-WAN-TUG,E.Williams,72,,,Yes,Yes,WanderersRes,2026
R9-WAN-TUG,A.Moss,90,,,Yes,Yes,WanderersRes,2026
R9-WAN-TUG,Moore,90,,,Yes,Yes,WanderersRes,2026
R9-WAN-TUG,Hassall,72,,,Yes,Yes,WanderersRes,2026
R9-WAN-TUG,McAvoy,90,,,Yes,Yes,WanderersRes,2026
R9-WAN-TUG,Mckenzie,62,,,Yes,Yes,WanderersRes,2026
R9-WAN-TUG,S.Pavier-jones,90,,,Yes,Yes,WanderersRes,2026
R9-WAN-TUG,Tomanovits,62,,,Yes,Yes,WanderersRes,2026
R9-WAN-TUG,CRook,90,,,Yes,Yes,WanderersRes,2026
R9-WAN-TUG,Hyett,90,,,Yes,Yes,WanderersRes,2026
R9-WAN-TUG,Ibrahim,57,,,Yes,Yes,WanderersRes,2026
R9-WAN-TUG,L.Pavier-Jones,18,,,No,Yes,WanderersRes,2026
R9-WAN-TUG,Mathers,28,,,No,Yes,WanderersRes,2026
R9-WAN-TUG,F.Moss,33,,,No,Yes,WanderersRes,2026
R9-WAN-TUG,Edmon,18,,,No,Yes,WanderersRes,2026
R9-WAN-TUG,Garrett,28,,,No,Yes,WanderersRes,2026
R9-WAN-TUG,Sirois,59,,,Yes,Yes,TuggeranongRes,2026
R9-WAN-TUG,Z.Williams,90,,,Yes,Yes,TuggeranongRes,2026
R9-WAN-TUG,Paul,90,,,Yes,Yes,TuggeranongRes,2026
R9-WAN-TUG,Haureliuk,45,,,Yes,Yes,TuggeranongRes,2026
R9-WAN-TUG,Beausang,90,,,Yes,Yes,TuggeranongRes,2026
R9-WAN-TUG,Watt,45,,,No,Yes,TuggeranongRes,2026
R9-WAN-TUG,Chick,31,,,No,Yes,TuggeranongRes,2026
R9-WAN-TUG,Haitsma,90,,,Yes,Yes,TuggeranongRes,2026
R9-WAN-TUG,Pedrotti,90,,,Yes,Yes,TuggeranongRes,2026
R9-WAN-TUG,Stanford,90,,,Yes,Yes,TuggeranongRes,2026
R9-WAN-TUG,Mulder,90,,,Yes,Yes,TuggeranongRes,2026
R9-WAN-TUG,Barges,31,,,No,Yes,TuggeranongRes,2026
R9-WAN-TUG,Kontny,59,,,Yes,Yes,TuggeranongRes,2026
R9-WAN-TUG,Evans,0,,,No,No,TuggeranongRes,2026
R9-WAN-TUG,Ticehurst,45,,,Yes,Yes,TuggeranongRes,2026
R9-WAN-TUG,Prime,45,,,No,Yes,TuggeranongRes,2026
R10-OLY-WAN,Bongiorno,90,,,Yes,Yes,OlympicRes,2026
R10-OLY-WAN,Chaverra Calle,50,,,Yes,Yes,OlympicRes,2026
R10-OLY-WAN,Z.Pirotta,90,,,Yes,Yes,OlympicRes,2026
R10-OLY-WAN,Chew,31,,,Yes,Yes,OlympicRes,2026
R10-OLY-WAN,N.Cerne,70,,,Yes,Yes,OlympicRes,2026
R10-OLY-WAN,Bissell,70,,,Yes,Yes,OlympicRes,2026
R10-OLY-WAN,Wright,90,,,Yes,Yes,OlympicRes,2026
R10-OLY-WAN,D.Williams,90,,,Yes,Yes,OlympicRes,2026
R10-OLY-WAN,Martiniello,90,,,Yes,Yes,OlympicRes,2026
R10-OLY-WAN,McRae,50,,,Yes,Yes,OlympicRes,2026
R10-OLY-WAN,Paragalli,90,,,Yes,Yes,OlympicRes,2026
R10-OLY-WAN,Mantinaos,20,,,No,Yes,OlympicRes,2026
R10-OLY-WAN,Farrell,20,,,No,Yes,OlympicRes,2026
R10-OLY-WAN,Dy-Mortimer,40,,,No,Yes,OlympicRes,2026
R10-OLY-WAN,Hurman,40,,,No,Yes,OlympicRes,2026
R10-OLY-WAN,S.Pirotta,59,,,No,Yes,OlympicRes,2026
R10-OLY-WAN,E.Williams,90,,,Yes,Yes,WanderersRes,2026
R10-OLY-WAN,A.Moss,67,,,Yes,Yes,WanderersRes,2026
R10-OLY-WAN,Gidis,45,,,Yes,Yes,WanderersRes,2026
R10-OLY-WAN,Moore,82,,,Yes,Yes,WanderersRes,2026
R10-OLY-WAN,Hassall,90,,,Yes,Yes,WanderersRes,2026
R10-OLY-WAN,McAvoy,90,,,Yes,Yes,WanderersRes,2026
R10-OLY-WAN,Mckenzie,90,,,Yes,Yes,WanderersRes,2026
R10-OLY-WAN,S.Pavier-jones,90,,,Yes,Yes,WanderersRes,2026
R10-OLY-WAN,Tomanovits,90,,,Yes,Yes,WanderersRes,2026
R10-OLY-WAN,CRook,90,,,Yes,Yes,WanderersRes,2026
R10-OLY-WAN,Hyett,82,,,Yes,Yes,WanderersRes,2026
R10-OLY-WAN,L.Pavier-Jones,0,,,No,No,WanderersRes,2026
R10-OLY-WAN,Porter,8,,,No,Yes,WanderersRes,2026
R10-OLY-WAN,Mathers,8,,,No,Yes,WanderersRes,2026
R10-OLY-WAN,Edmon,23,,,No,Yes,WanderersRes,2026
R10-OLY-WAN,Howell,45,,,No,Yes,WanderersRes,2026
R10-TUG-MAJ,Ireson,90,,,Yes,Yes,TuggeranongRes,2026
R10-TUG-MAJ,Sirois,61,,,Yes,Yes,TuggeranongRes,2026
R10-TUG-MAJ,Z.Williams,90,,,Yes,Yes,TuggeranongRes,2026
R10-TUG-MAJ,Paul,61,,,Yes,Yes,TuggeranongRes,2026
R10-TUG-MAJ,Holden,90,,,Yes,Yes,TuggeranongRes,2026
R10-TUG-MAJ,Ticehurst,90,,,Yes,Yes,TuggeranongRes,2026
R10-TUG-MAJ,Haitsma,81,,,Yes,Yes,TuggeranongRes,2026
R10-TUG-MAJ,Pedrotti,90,,,Yes,Yes,TuggeranongRes,2026
R10-TUG-MAJ,Stanford,90,,,Yes,Yes,TuggeranongRes,2026
R10-TUG-MAJ,Prime,90,,,Yes,Yes,TuggeranongRes,2026
R10-TUG-MAJ,Mulder,81,,,Yes,Yes,TuggeranongRes,2026
R10-TUG-MAJ,Barges,9,,,No,Yes,TuggeranongRes,2026
R10-TUG-MAJ,Papalia,29,,,No,Yes,TuggeranongRes,2026
R10-TUG-MAJ,Chick,29,,,No,Yes,TuggeranongRes,2026
R10-TUG-MAJ,Watt,0,,,No,No,TuggeranongRes,2026
R10-TUG-MAJ,Doldissen,9,,,No,Yes,TuggeranongRes,2026
R10-TUG-MAJ,Kent,90,,,Yes,Yes,MajuraRes,2026
R10-TUG-MAJ,Williamson,57,,,Yes,Yes,MajuraRes,2026
R10-TUG-MAJ,Keller,90,,,Yes,Yes,MajuraRes,2026
R10-TUG-MAJ,Stannard,82,,,Yes,Yes,MajuraRes,2026
R10-TUG-MAJ,Hazilias,90,,,Yes,Yes,MajuraRes,2026
R10-TUG-MAJ,Checksfield,12,,,Yes,Yes,MajuraRes,2026
R10-TUG-MAJ,Imhoff,90,,,Yes,Yes,MajuraRes,2026
R10-TUG-MAJ,Kashan,90,,,Yes,Yes,MajuraRes,2026
R10-TUG-MAJ,Sambridge,90,,,Yes,Yes,MajuraRes,2026
R10-TUG-MAJ,Jbeili,57,,,Yes,Yes,MajuraRes,2026
R10-TUG-MAJ,Murray,90,,,Yes,Yes,MajuraRes,2026
R10-TUG-MAJ,Eidum,33,,,No,Yes,MajuraRes,2026
R10-TUG-MAJ,Evans,8,,,No,Yes,MajuraRes,2026
R10-TUG-MAJ,Senese,33,,,No,Yes,MajuraRes,2026
R10-TUG-MAJ,Tucker,78,,,No,Yes,MajuraRes,2026
R10-CFC-BELR,Snell,90,,,Yes,Yes,CroatiaRes,2026
R10-CFC-BELR,Boots,90,,,Yes,Yes,CroatiaRes,2026
R10-CFC-BELR,McGhie,58,,,Yes,Yes,CroatiaRes,2026
R10-CFC-BELR,A.Williams,90,,,Yes,Yes,CroatiaRes,2026
R10-CFC-BELR,E.Hazilias,90,,,Yes,Yes,CroatiaRes,2026
R10-CFC-BELR,Bogdanoski,58,,,Yes,Yes,CroatiaRes,2026
R10-CFC-BELR,Robertson,90,,,Yes,Yes,CroatiaRes,2026
R10-CFC-BELR,Milin,90,,,Yes,Yes,CroatiaRes,2026
R10-CFC-BELR,Coates,90,,Yellow,Yes,Yes,CroatiaRes,2026
R10-CFC-BELR,Sanders,70,,,Yes,Yes,CroatiaRes,2026
R10-CFC-BELR,Majetic,75,,,Yes,Yes,CroatiaRes,2026
R10-CFC-BELR,Wood,32,,,No,Yes,CroatiaRes,2026
R10-CFC-BELR,Novak,20,,,No,Yes,CroatiaRes,2026
R10-CFC-BELR,Holaj,32,,,No,Yes,CroatiaRes,2026
R10-CFC-BELR,E.Moss,15,,,No,Yes,CroatiaRes,2026
R10-CFC-BELR,A.Rathouski,90,,,Yes,Yes,BelReserves,2026
R10-CFC-BELR,Danj,90,,,Yes,Yes,BelReserves,2026
R10-CFC-BELR,M.Wells,90,,,Yes,Yes,BelReserves,2026
R10-CFC-BELR,Hattie,90,,,Yes,Yes,BelReserves,2026
R10-CFC-BELR,S.Wells,70,,,Yes,Yes,BelReserves,2026
R10-CFC-BELR,Gemma,90,,,Yes,Yes,BelReserves,2026
R10-CFC-BELR,Elfin,30,,,Yes,Yes,BelReserves,2026
R10-CFC-BELR,Claire,90,,,Yes,Yes,BelReserves,2026
R10-CFC-BELR,Sammy,58,,,Yes,Yes,BelReserves,2026
R10-CFC-BELR,Siena,70,,,Yes,Yes,BelReserves,2026
R10-CFC-BELR,Sage,70,,,Yes,Yes,BelReserves,2026
R10-CFC-BELR,M.Rathouski,60,,,No,Yes,BelReserves,2026
R10-CFC-BELR,Issey,20,,,No,Yes,BelReserves,2026
R10-CFC-BELR,Lily,32,,,No,Yes,BelReserves,2026
R10-CFC-BELR,Eden,20,,,No,Yes,BelReserves,2026
R10-CFC-BELR,Kristina,20,,,No,Yes,BelReserves,2026
R11-TUG-CFC,Sirois,63,,,Yes,Yes,TuggeranongRes,2026
R11-TUG-CFC,Paul,63,,,Yes,Yes,TuggeranongRes,2026
R11-TUG-CFC,Beausang,90,,,Yes,Yes,TuggeranongRes,2026
R11-TUG-CFC,Chick,90,,,Yes,Yes,TuggeranongRes,2026
R11-TUG-CFC,Rolls,45,,,Yes,Yes,TuggeranongRes,2026
R11-TUG-CFC,Ticehurst,90,,,Yes,Yes,TuggeranongRes,2026
R11-TUG-CFC,Haitsma,90,,,Yes,Yes,TuggeranongRes,2026
R11-TUG-CFC,Pedrotti,90,,,Yes,Yes,TuggeranongRes,2026
R11-TUG-CFC,Prime,69,,,Yes,Yes,TuggeranongRes,2026
R11-TUG-CFC,Mulder,90,,,Yes,Yes,TuggeranongRes,2026
R11-TUG-CFC,Z.Williams,90,,,Yes,Yes,TuggeranongRes,2026
R11-TUG-CFC,Barges,27,,,No,Yes,TuggeranongRes,2026
R11-TUG-CFC,Schroeder,21,,,No,Yes,TuggeranongRes,2026
R11-TUG-CFC,Watt,27,,,No,Yes,TuggeranongRes,2026
R11-TUG-CFC,Albert,45,,,No,Yes,TuggeranongRes,2026
R11-TUG-CFC,Snell,90,,,Yes,Yes,CroatiaRes,2026
R11-TUG-CFC,McGhie,45,,,Yes,Yes,CroatiaRes,2026
R11-TUG-CFC,Wood,90,,,Yes,Yes,CroatiaRes,2026
R11-TUG-CFC,A.Williams,90,,,Yes,Yes,CroatiaRes,2026
R11-TUG-CFC,Hofmeier,62,,,Yes,Yes,CroatiaRes,2026
R11-TUG-CFC,E.Hazilias,90,,,Yes,Yes,CroatiaRes,2026
R11-TUG-CFC,Gordon,45,,,Yes,Yes,CroatiaRes,2026
R11-TUG-CFC,Milin,62,,,Yes,Yes,CroatiaRes,2026
R11-TUG-CFC,Sanders,90,,,Yes,Yes,CroatiaRes,2026
R11-TUG-CFC,Boots,62,,,Yes,Yes,CroatiaRes,2026
R11-TUG-CFC,Majetic,90,,,Yes,Yes,CroatiaRes,2026
R11-TUG-CFC,Mckenzie,28,,,No,Yes,CroatiaRes,2026
R11-TUG-CFC,Bogdanoski,28,,,No,Yes,CroatiaRes,2026
R11-TUG-CFC,Holaj,45,,,No,Yes,CroatiaRes,2026
R11-TUG-CFC,Castle,45,,,No,Yes,CroatiaRes,2026
R11-TUG-CFC,Coates,28,,,No,Yes,CroatiaRes,2026
R11-OLY-MAJ,Bongiorno,61,,,Yes,Yes,OlympicRes,2026
R11-OLY-MAJ,Mantinaos,90,,,Yes,Yes,OlympicRes,2026
R11-OLY-MAJ,Z.Pirotta,90,,,Yes,Yes,OlympicRes,2026
R11-OLY-MAJ,Farrell,90,,,Yes,Yes,OlympicRes,2026
R11-OLY-MAJ,Dy-Mortimer,90,,,Yes,Yes,OlympicRes,2026
R11-OLY-MAJ,Richards,90,,,Yes,Yes,OlympicRes,2026
R11-OLY-MAJ,N.Cerne,56,,,Yes,Yes,OlympicRes,2026
R11-OLY-MAJ,D.Williams,90,,,Yes,Yes,OlympicRes,2026
R11-OLY-MAJ,Martiniello,61,,,Yes,Yes,OlympicRes,2026
R11-OLY-MAJ,McRae,56,,,Yes,Yes,OlympicRes,2026
R11-OLY-MAJ,S.Pirotta,90,,,Yes,Yes,OlympicRes,2026
R11-OLY-MAJ,Bissell,29,,,No,Yes,OlympicRes,2026
R11-OLY-MAJ,Paragalli,34,,,No,Yes,OlympicRes,2026
R11-OLY-MAJ,Morrison,34,,,No,Yes,OlympicRes,2026
R11-OLY-MAJ,Van Duren,29,,,No,Yes,OlympicRes,2026
R11-OLY-MAJ,Kent,90,,,Yes,Yes,MajuraRes,2026
R11-OLY-MAJ,Williamson,90,,,Yes,Yes,MajuraRes,2026
R11-OLY-MAJ,Keller,90,,,Yes,Yes,MajuraRes,2026
R11-OLY-MAJ,Huddy,90,,,Yes,Yes,MajuraRes,2026
R11-OLY-MAJ,Singers,90,,,Yes,Yes,MajuraRes,2026
R11-OLY-MAJ,Hazilias,90,,,Yes,Yes,MajuraRes,2026
R11-OLY-MAJ,Thompson,45,,,Yes,Yes,MajuraRes,2026
R11-OLY-MAJ,Checksfield,90,,,Yes,Yes,MajuraRes,2026
R11-OLY-MAJ,Imhoff,90,,,Yes,Yes,MajuraRes,2026
R11-OLY-MAJ,Sambridge,90,,,Yes,Yes,MajuraRes,2026
R11-OLY-MAJ,Brennan,90,,,Yes,Yes,MajuraRes,2026
R11-OLY-MAJ,Southam,0,,,No,No,MajuraRes,2026
R11-OLY-MAJ,Bartone,0,,,No,No,MajuraRes,2026
R11-OLY-MAJ,Grebowski,0,,,No,No,MajuraRes,2026
R11-OLY-MAJ,Kashan,45,,,No,Yes,MajuraRes,2026
R11-BELR-WAN,F.Moss,70,,,Yes,Yes,WanderersRes,2026
R11-BELR-WAN,Howell,81,,,Yes,Yes,WanderersRes,2026
R11-BELR-WAN,E.Williams,90,,,Yes,Yes,WanderersRes,2026
R11-BELR-WAN,Hassall,90,,,Yes,Yes,WanderersRes,2026
R11-BELR-WAN,McAvoy,90,,,Yes,Yes,WanderersRes,2026
R11-BELR-WAN,York,90,,,Yes,Yes,WanderersRes,2026
R11-BELR-WAN,Pavier-jones,70,,,Yes,Yes,WanderersRes,2026
R11-BELR-WAN,Tomanovits,46,,,Yes,Yes,WanderersRes,2026
R11-BELR-WAN,CRook,61,,,Yes,Yes,WanderersRes,2026
R11-BELR-WAN,Hyett,90,,,Yes,Yes,WanderersRes,2026
R11-BELR-WAN,Ibrahim,90,,,Yes,Yes,WanderersRes,2026
R11-BELR-WAN,Ellis,29,,,No,Yes,WanderersRes,2026
R11-BELR-WAN,Hart,0,,,No,No,WanderersRes,2026
R11-BELR-WAN,Huddy,29,,,No,Yes,WanderersRes,2026
R11-BELR-WAN,Garrett,44,,,No,Yes,WanderersRes,2026
R11-BELR-WAN,Reilly,20,,,No,Yes,WanderersRes,2026
R11-BELR-WAN,Emily.GK,90,GK,,Yes,Yes,BelReserves,2026
R11-BELR-WAN,Maja,70,RB,,Yes,Yes,BelReserves,2026
R11-BELR-WAN,Ariana,63,CB,,Yes,Yes,BelReserves,2026
R11-BELR-WAN,Scarlett,90,RW,,Yes,Yes,BelReserves,2026
R11-BELR-WAN,Emily,90,CB,,Yes,Yes,BelReserves,2026
R11-BELR-WAN,Sammy,46,DM,,Yes,Yes,BelReserves,2026
R11-BELR-WAN,Siena,90,AM,,Yes,Yes,BelReserves,2026
R11-BELR-WAN,Sage,90,LB,,Yes,Yes,BelReserves,2026
R11-BELR-WAN,Issey,46,CM,,Yes,Yes,BelReserves,2026
R11-BELR-WAN,Lily,29,LW,,Yes,Yes,BelReserves,2026
R11-BELR-WAN,Eden,90,ST,,Yes,Yes,BelReserves,2026
R11-BELR-WAN,Danj,61,AM,,No,Yes,BelReserves,2026
R11-BELR-WAN,Molly,44,CM,,No,Yes,BelReserves,2026
R11-BELR-WAN,Hattie,44,RW,,No,Yes,BelReserves,2026
R11-BELR-WAN,Gemma,27,CB,,No,Yes,BelReserves,2026
R11-BELR-WAN,Olive,20,RB,,No,Yes,BelReserves,2026
R12-BELR-TUG,Danj,69,AM,,Yes,Yes,BelReserves,2026
R12-BELR-TUG,Molly,90,RB,,Yes,Yes,BelReserves,2026
R12-BELR-TUG,Hattie,90,RW,,Yes,Yes,BelReserves,2026
R12-BELR-TUG,Gemma,45,CB,,Yes,Yes,BelReserves,2026
R12-BELR-TUG,Emily,69,CB,,Yes,Yes,BelReserves,2026
R12-BELR-TUG,Claire,90,GK,,Yes,Yes,BelReserves,2026
R12-BELR-TUG,Sammy,45,DM,,Yes,Yes,BelReserves,2026
R12-BELR-TUG,Siena,90,CM,,Yes,Yes,BelReserves,2026
R12-BELR-TUG,Sage,90,LB,,Yes,Yes,BelReserves,2026
R12-BELR-TUG,Lily,90,LW,,Yes,Yes,BelReserves,2026
R12-BELR-TUG,Eden,45,ST,,Yes,Yes,BelReserves,2026
R12-BELR-TUG,Maja,45,CB,,No,Yes,BelReserves,2026
R12-BELR-TUG,Scarlett,45,ST,,No,Yes,BelReserves,2026
R12-BELR-TUG,Issey,45,DM,,No,Yes,BelReserves,2026
R12-BELR-TUG,Tahli,21,CB,,No,Yes,BelReserves,2026
R12-BELR-TUG,Grace,21,CM,,No,Yes,BelReserves,2026
R12-BELR-TUG,Beausang,90,,,Yes,Yes,TuggeranongRes,2026
R12-BELR-TUG,Holden,64,,,Yes,Yes,TuggeranongRes,2026
R12-BELR-TUG,Chick,90,,,Yes,Yes,TuggeranongRes,2026
R12-BELR-TUG,Rolls,64,,,Yes,Yes,TuggeranongRes,2026
R12-BELR-TUG,Ticehurst,90,,,Yes,Yes,TuggeranongRes,2026
R12-BELR-TUG,Haitsma,90,,,Yes,Yes,TuggeranongRes,2026
R12-BELR-TUG,Stanford,90,,,Yes,Yes,TuggeranongRes,2026
R12-BELR-TUG,Prime,64,,,Yes,Yes,TuggeranongRes,2026
R12-BELR-TUG,Mulder,90,,,Yes,Yes,TuggeranongRes,2026
R12-BELR-TUG,Albert,64,,,Yes,Yes,TuggeranongRes,2026
R12-BELR-TUG,Z.Williams,45,,,Yes,Yes,TuggeranongRes,2026
R12-BELR-TUG,Machin,26,,,No,Yes,TuggeranongRes,2026
R12-BELR-TUG,Kontny,26,,,No,Yes,TuggeranongRes,2026
R12-BELR-TUG,Papalia,26,,,No,Yes,TuggeranongRes,2026
R12-BELR-TUG,Watt,45,,,No,Yes,TuggeranongRes,2026
R12-BELR-TUG,Pedrotti,26,,,No,Yes,TuggeranongRes,2026
R12-CFC-OLY,Snell,90,,,Yes,Yes,CroatiaRes,2026
R12-CFC-OLY,McGhie,90,,,Yes,Yes,CroatiaRes,2026
R12-CFC-OLY,Cameron,45,,,Yes,Yes,CroatiaRes,2026
R12-CFC-OLY,A.Williams,90,,,Yes,Yes,CroatiaRes,2026
R12-CFC-OLY,Boots,90,,,Yes,Yes,CroatiaRes,2026
R12-CFC-OLY,Milin,90,,,Yes,Yes,CroatiaRes,2026
R12-CFC-OLY,Sanders,57,,,Yes,Yes,CroatiaRes,2026
R12-CFC-OLY,Gordon,90,,,Yes,Yes,CroatiaRes,2026
R12-CFC-OLY,Majetic,90,,,Yes,Yes,CroatiaRes,2026
R12-CFC-OLY,Wood,64,,,Yes,Yes,CroatiaRes,2026
R12-CFC-OLY,Castle,90,,,Yes,Yes,CroatiaRes,2026
R12-CFC-OLY,Mckenzie,26,,,No,Yes,CroatiaRes,2026
R12-CFC-OLY,E.Hazilias,33,,,No,Yes,CroatiaRes,2026
R12-CFC-OLY,Holaj,45,,,No,Yes,CroatiaRes,2026
R12-CFC-OLY,Coates,0,,,No,No,CroatiaRes,2026
R12-CFC-OLY,Bongiorno,90,,,Yes,Yes,OlympicRes,2026
R12-CFC-OLY,Mantinaos,51,,,Yes,Yes,OlympicRes,2026
R12-CFC-OLY,Z.Pirotta,90,,,Yes,Yes,OlympicRes,2026
R12-CFC-OLY,Farrell,68,,,Yes,Yes,OlympicRes,2026
R12-CFC-OLY,Cerne,90,,,Yes,Yes,OlympicRes,2026
R12-CFC-OLY,Bissell,90,,,Yes,Yes,OlympicRes,2026
R12-CFC-OLY,Wright,90,,,Yes,Yes,OlympicRes,2026
R12-CFC-OLY,D.Williams,90,,,Yes,Yes,OlympicRes,2026
R12-CFC-OLY,Martiniello,51,,,Yes,Yes,OlympicRes,2026
R12-CFC-OLY,McRae,90,,,Yes,Yes,OlympicRes,2026
R12-CFC-OLY,S.Pirotta,90,,,Yes,Yes,OlympicRes,2026
R12-CFC-OLY,Dy-Mortimer,39,,,No,Yes,OlympicRes,2026
R12-CFC-OLY,Morrison,22,,,No,Yes,OlympicRes,2026
R12-CFC-OLY,Van Duren,39,,,No,Yes,OlympicRes,2026
R12-MAJ-WAN,Kent,90,,,Yes,Yes,MajuraRes,2026
R12-MAJ-WAN,Williamson,46,,,Yes,Yes,MajuraRes,2026
R12-MAJ-WAN,Keller,46,,,Yes,Yes,MajuraRes,2026
R12-MAJ-WAN,Singers,90,,,Yes,Yes,MajuraRes,2026
R12-MAJ-WAN,K.Hazilias,65,,,Yes,Yes,MajuraRes,2026
R12-MAJ-WAN,Thompson,46,,,Yes,Yes,MajuraRes,2026
R12-MAJ-WAN,Checksfield,65,,,Yes,Yes,MajuraRes,2026
R12-MAJ-WAN,Imhoff,90,,,Yes,Yes,MajuraRes,2026
R12-MAJ-WAN,Sambridge,90,,,Yes,Yes,MajuraRes,2026
R12-MAJ-WAN,Senese,90,,,Yes,Yes,MajuraRes,2026
R12-MAJ-WAN,Whittington,90,,,Yes,Yes,MajuraRes,2026
R12-MAJ-WAN,Bartone,44,,,No,Yes,MajuraRes,2026
R12-MAJ-WAN,Savanhu,25,,,No,Yes,MajuraRes,2026
R12-MAJ-WAN,Brennan,44,,Yellow,No,Yes,MajuraRes,2026
R12-MAJ-WAN,Buckland,44,,,No,Yes,MajuraRes,2026
R12-MAJ-WAN,Forterre,25,,,No,Yes,MajuraRes,2026
R12-MAJ-WAN,Porter,65,,,Yes,yes,WanderersRes,2026
R12-MAJ-WAN,Gibson,65,,,Yes,yes,WanderersRes,2026
R12-MAJ-WAN,Mathers,78,,,Yes,yes,WanderersRes,2026
R12-MAJ-WAN,Ellis,90,,,Yes,yes,WanderersRes,2026
R12-MAJ-WAN,Hart,65,,,Yes,yes,WanderersRes,2026
R12-MAJ-WAN,F.Moss,65,,,Yes,yes,WanderersRes,2026
R12-MAJ-WAN,Williams,90,,,Yes,yes,WanderersRes,2026
R12-MAJ-WAN,Hassall,90,,,Yes,yes,WanderersRes,2026
R12-MAJ-WAN,McAvoy,90,,,Yes,yes,WanderersRes,2026
R12-MAJ-WAN,Pavier-jones,90,,,Yes,yes,WanderersRes,2026
R12-MAJ-WAN,Hyett,90,,,Yes,yes,WanderersRes,2026
R12-MAJ-WAN,Tran,25,,,No,Yes,WanderersRes,2026
R12-MAJ-WAN,A.Moss,25,,,No,Yes,WanderersRes,2026
R12-MAJ-WAN,J.Jud,25,,,No,Yes,WanderersRes,2026
R12-MAJ-WAN,R.Jud,12,,,No,Yes,WanderersRes,2026
R12-MAJ-WAN,Howell,25,,,No,Yes,WanderersRes,2026
R9-MAJ-CFC,Kent,90,,,Yes,Yes,MajuraRes,2026
R9-MAJ-CFC,Farrar,50,,,Yes,Yes,MajuraRes,2026
R9-MAJ-CFC,keller,60,,,Yes,Yes,MajuraRes,2026
R9-MAJ-CFC,Hemmings,50,,,Yes,Yes,MajuraRes,2026
R9-MAJ-CFC,Bartone,90,,,Yes,Yes,MajuraRes,2026
R9-MAJ-CFC,Stannard,90,,,Yes,Yes,MajuraRes,2026
R9-MAJ-CFC,Singers,90,,,Yes,Yes,MajuraRes,2026
R9-MAJ-CFC,Grebowski,60,,,Yes,Yes,MajuraRes,2026
R9-MAJ-CFC,K.Hazilias,90,,,Yes,Yes,MajuraRes,2026
R9-MAJ-CFC,A.Babic,60,,,Yes,Yes,MajuraRes,2026
R9-MAJ-CFC,L.Babic,90,,,Yes,Yes,MajuraRes,2026
R9-MAJ-CFC,Williamson,30,,,No,Yes,MajuraRes,2026
R9-MAJ-CFC,Huddy,40,,,No,Yes,MajuraRes,2026
R9-MAJ-CFC,Checksfield,40,,,No,Yes,MajuraRes,2026
R9-MAJ-CFC,Imhoff,30,,,No,Yes,MajuraRes,2026
R9-MAJ-CFC,Sambridge,30,,,No,Yes,MajuraRes,2026
R9-MAJ-CFC,Mckenzie,60,,,Yes,Yes,CroatiaRes,2026
R9-MAJ-CFC,McGhie,60,,,Yes,Yes,CroatiaRes,2026
R9-MAJ-CFC,Gordon,90,,,Yes,Yes,CroatiaRes,2026
R9-MAJ-CFC,A.Williams,60,,,Yes,Yes,CroatiaRes,2026
R9-MAJ-CFC,E.Hazilias,90,,,Yes,Yes,CroatiaRes,2026
R9-MAJ-CFC,Boots,45,,,Yes,Yes,CroatiaRes,2026
R9-MAJ-CFC,Milin,90,,,Yes,Yes,CroatiaRes,2026
R9-MAJ-CFC,Cameron,90,,,Yes,Yes,CroatiaRes,2026
R9-MAJ-CFC,Majetic,90,,Yellow,Yes,Yes,CroatiaRes,2026
R9-MAJ-CFC,Wood,45,,,Yes,Yes,CroatiaRes,2026
R9-MAJ-CFC,Ferguson,90,,,Yes,Yes,CroatiaRes,2026
R9-MAJ-CFC,Bogdanoski,30,,,No,Yes,CroatiaRes,2026
R9-MAJ-CFC,Holaj,30,,,No,Yes,CroatiaRes,2026
R9-MAJ-CFC,Coates,45,,,No,Yes,CroatiaRes,2026
R9-MAJ-CFC,Sanders,30,,,No,Yes,CroatiaRes,2026
R9-MAJ-CFC,Castle,45,,,No,Yes,CroatiaRes,2026
R13-TUG-OLY,Lacey,90,,,Yes,Yes,TuggeranongRes,2026
R13-TUG-OLY,Sirois,45,,,Yes,Yes,TuggeranongRes,2026
R13-TUG-OLY,Paul,64,,,Yes,Yes,TuggeranongRes,2026
R13-TUG-OLY,Haureliuk,64,,,Yes,Yes,TuggeranongRes,2026
R13-TUG-OLY,Chick,90,,,Yes,Yes,TuggeranongRes,2026
R13-TUG-OLY,Watt,78,,,Yes,Yes,TuggeranongRes,2026
R13-TUG-OLY,Ticehurst,90,,,Yes,Yes,TuggeranongRes,2026
R13-TUG-OLY,Pedrotti,90,,,Yes,Yes,TuggeranongRes,2026
R13-TUG-OLY,Stanford,90,,,Yes,Yes,TuggeranongRes,2026
R13-TUG-OLY,Prime,90,,,Yes,Yes,TuggeranongRes,2026
R13-TUG-OLY,Mulder,90,,,Yes,Yes,TuggeranongRes,2026
R13-TUG-OLY,Kontny,26,,,No,Yes,TuggeranongRes,2026
R13-TUG-OLY,Evans,12,,,No,Yes,TuggeranongRes,2026
R13-TUG-OLY,Papalia,26,,,No,Yes,TuggeranongRes,2026
R13-TUG-OLY,albert,45,,,No,Yes,TuggeranongRes,2026
R13-TUG-OLY,Chaverra Calle,90,,,Yes,Yes,OlympicRes,2026
R13-TUG-OLY,Mantinaos,45,,,Yes,Yes,OlympicRes,2026
R13-TUG-OLY,Farrell,69,,,Yes,Yes,OlympicRes,2026
R13-TUG-OLY,Dy-Mortimer,90,,,Yes,Yes,OlympicRes,2026
R13-TUG-OLY,N.Cerne,90,,,Yes,Yes,OlympicRes,2026
R13-TUG-OLY,Kashan,90,,,Yes,Yes,OlympicRes,2026
R13-TUG-OLY,Wright,90,,,Yes,Yes,OlympicRes,2026
R13-TUG-OLY,Martiniello,60,,,Yes,Yes,OlympicRes,2026
R13-TUG-OLY,McRae,90,,,Yes,Yes,OlympicRes,2026
R13-TUG-OLY,Josipovic,90,,,Yes,Yes,OlympicRes,2026
R13-TUG-OLY,Pirotta,78,,,Yes,Yes,OlympicRes,2026
R13-TUG-OLY,Hurman,12,,,No,Yes,OlympicRes,2026
R13-TUG-OLY,D.Williams,45,,,No,Yes,OlympicRes,2026
R13-TUG-OLY,Paragalli,21,,,No,Yes,OlympicRes,2026
R13-TUG-OLY,Van Duren,30,,,No,Yes,OlympicRes,2026
R13-WAN-CFC,L.Pavier-Jones,90,,,Yes,Yes,WanderersRes,2026
R13-WAN-CFC,F.Moss,60,,,Yes,Yes,WanderersRes,2026
R13-WAN-CFC,Huddy,60,,,Yes,Yes,WanderersRes,2026
R13-WAN-CFC,Howell,65,,,Yes,Yes,WanderersRes,2026
R13-WAN-CFC,Hassall,90,,,Yes,Yes,WanderersRes,2026
R13-WAN-CFC,York,45,,,Yes,Yes,WanderersRes,2026
R13-WAN-CFC,Hanley,45,,,Yes,Yes,WanderersRes,2026
R13-WAN-CFC,S.Pavier-jones,90,,,Yes,Yes,WanderersRes,2026
R13-WAN-CFC,Tomanovits,90,,,Yes,Yes,WanderersRes,2026
R13-WAN-CFC,Hyett,90,,,Yes,Yes,WanderersRes,2026
R13-WAN-CFC,Ibrahim,90,,,Yes,Yes,WanderersRes,2026
R13-WAN-CFC,Tran,30,,,No,Yes,WanderersRes,2026
R13-WAN-CFC,Porter,30,,,No,Yes,WanderersRes,2026
R13-WAN-CFC,Mathers,25,,,No,Yes,WanderersRes,2026
R13-WAN-CFC,A.Moss,45,,,No,Yes,WanderersRes,2026
R13-WAN-CFC,Gidis,45,,,No,Yes,WanderersRes,2026
R13-WAN-CFC,Mckenzie,90,,,Yes,Yes,CroatiaRes,2026
R13-WAN-CFC,A.Williams,55,,,Yes,Yes,CroatiaRes,2026
R13-WAN-CFC,E.Hazilias,90,,,Yes,Yes,CroatiaRes,2026
R13-WAN-CFC,Bogdanoski,45,,,Yes,Yes,CroatiaRes,2026
R13-WAN-CFC,Holaj,90,,,Yes,Yes,CroatiaRes,2026
R13-WAN-CFC,Coates,90,,,Yes,Yes,CroatiaRes,2026
R13-WAN-CFC,Sanders,90,,,Yes,Yes,CroatiaRes,2026
R13-WAN-CFC,Majetic,83,,,Yes,Yes,CroatiaRes,2026
R13-WAN-CFC,Wood,55,,,Yes,Yes,CroatiaRes,2026
R13-WAN-CFC,Castle,55,,,Yes,Yes,CroatiaRes,2026
R13-WAN-CFC,Ferguson,90,,,Yes,Yes,CroatiaRes,2026
R13-WAN-CFC,McGhie,35,,,No,Yes,CroatiaRes,2026
R13-WAN-CFC,Gordon,35,,,No,Yes,CroatiaRes,2026
R13-WAN-CFC,Novak,7,,,No,Yes,CroatiaRes,2026
R13-WAN-CFC,Milin,45,,,No,Yes,CroatiaRes,2026
R13-WAN-CFC,Mcqueenie,35,,Yellow,No,Yes,CroatiaRes,2026
R13-BELR-MAJ,Maja,46,CB,,Yes,Yes,BelReserves,2026
R13-BELR-MAJ,Danj,90,AM,,Yes,Yes,BelReserves,2026
R13-BELR-MAJ,Molly,60,RB,,Yes,Yes,BelReserves,2026
R13-BELR-MAJ,Hattie,60,RW,,Yes,Yes,BelReserves,2026
R13-BELR-MAJ,Scarlett,90,LW,,Yes,Yes,BelReserves,2026
R13-BELR-MAJ,Gemma,90,CB,,Yes,Yes,BelReserves,2026
R13-BELR-MAJ,Claire,90,GK,,Yes,Yes,BelReserves,2026
R13-BELR-MAJ,Sammy,60,DM,,Yes,Yes,BelReserves,2026
R13-BELR-MAJ,Siena,90,AM,,Yes,Yes,BelReserves,2026
R13-BELR-MAJ,Sage,90,LB,,Yes,Yes,BelReserves,2026
R13-BELR-MAJ,Eden,90,ST,,Yes,Yes,BelReserves,2026
R13-BELR-MAJ,Aislinn,30,CM,,No,Yes,BelReserves,2026
R13-BELR-MAJ,Sarah,44,CB,,No,Yes,BelReserves,2026
R13-BELR-MAJ,Zoe,30,RB,,No,Yes,BelReserves,2026
R13-BELR-MAJ,Sybilla,30,LW,,No,Yes,BelReserves,2026
R13-BELR-MAJ,Kent,90,,,Yes,Yes,MajuraRes,2026
R13-BELR-MAJ,Williamson,90,,,Yes,Yes,MajuraRes,2026
R13-BELR-MAJ,keller,90,,,Yes,Yes,MajuraRes,2026
R13-BELR-MAJ,Bartone,59,,,Yes,Yes,MajuraRes,2026
R13-BELR-MAJ,Thompson,70,,,Yes,Yes,MajuraRes,2026
R13-BELR-MAJ,Checksfield,90,,,Yes,Yes,MajuraRes,2026
R13-BELR-MAJ,Imhoff,90,,,Yes,Yes,MajuraRes,2026
R13-BELR-MAJ,Sambridge,70,,,Yes,Yes,MajuraRes,2026
R13-BELR-MAJ,Senese,59,,,Yes,Yes,MajuraRes,2026
R13-BELR-MAJ,Huddy,46,,,Yes,Yes,MajuraRes,2026
R13-BELR-MAJ,Whittington,90,,,Yes,Yes,MajuraRes,2026
R13-BELR-MAJ,Eidum,31,,,No,Yes,MajuraRes,2026
R13-BELR-MAJ,Jbeili,20,,,No,Yes,MajuraRes,2026
R13-BELR-MAJ,Buckland,20,,,No,Yes,MajuraRes,2026
R13-BELR-MAJ,Forterre,31,,,No,Yes,MajuraRes,2026
R13-BELR-MAJ,Murray,44,,,No,Yes,MajuraRes,2026
R14-TUG-WAN,Ireson,90,,,Yes,Yes,TuggeranongRes,2026
R14-TUG-WAN,Sirois,45,,,Yes,Yes,TuggeranongRes,2026
R14-TUG-WAN,Chick,90,,,Yes,Yes,TuggeranongRes,2026
R14-TUG-WAN,Rolls,90,,,Yes,Yes,TuggeranongRes,2026
R14-TUG-WAN,Watt,61,,,Yes,Yes,TuggeranongRes,2026
R14-TUG-WAN,albert,90,,,Yes,Yes,TuggeranongRes,2026
R14-TUG-WAN,Ticehurst,90,,,Yes,Yes,TuggeranongRes,2026
R14-TUG-WAN,Pedrotti,90,,,Yes,Yes,TuggeranongRes,2026
R14-TUG-WAN,Stanford,61,,,Yes,Yes,TuggeranongRes,2026
R14-TUG-WAN,Prime,72,,,Yes,Yes,TuggeranongRes,2026
R14-TUG-WAN,Mulder,90,,,Yes,Yes,TuggeranongRes,2026
R14-TUG-WAN,Barges,18,,,No,Yes,TuggeranongRes,2026
R14-TUG-WAN,Kontny,29,,,No,Yes,TuggeranongRes,2026
R14-TUG-WAN,Papalia,29,,,No,Yes,TuggeranongRes,2026
R14-TUG-WAN,Haitsma,45,,,No,Yes,TuggeranongRes,2026
R14-TUG-WAN,L.Pavier-Jones,90,,,Yes,Yes,WanderersRes,2026
R14-TUG-WAN,Tran,70,,,Yes,Yes,WanderersRes,2026
R14-TUG-WAN,Gibson,90,,,Yes,Yes,WanderersRes,2026
R14-TUG-WAN,Ellis,90,,,Yes,Yes,WanderersRes,2026
R14-TUG-WAN,Bridge,90,,,Yes,Yes,WanderersRes,2026
R14-TUG-WAN,York,45,,,Yes,Yes,WanderersRes,2026
R14-TUG-WAN,S.Pavier-jones,90,,,Yes,Yes,WanderersRes,2026
R14-TUG-WAN,Tomanovits,90,,,Yes,Yes,WanderersRes,2026
R14-TUG-WAN,CRook,90,,,Yes,Yes,WanderersRes,2026
R14-TUG-WAN,Hyett,75,,,Yes,Yes,WanderersRes,2026
R14-TUG-WAN,Ibrahim,90,,,Yes,Yes,WanderersRes,2026
R14-TUG-WAN,Porter,20,,,No,Yes,WanderersRes,2026
R14-TUG-WAN,Moss,15,,,No,Yes,WanderersRes,2026
R14-TUG-WAN,Garrett,45,,,No,Yes,WanderersRes,2026
R14-TUG-WAN,E.Williams,0,,,No,No,WanderersRes,2026
R14-TUG-WAN,Gidis,0,,,No,No,WanderersRes,2026
R14-MAJ-CFC,Kent,90,,,Yes,Yes,MajuraRes,2026
R14-MAJ-CFC,Williamson,90,,,Yes,Yes,MajuraRes,2026
R14-MAJ-CFC,K.Hazilias,70,,,Yes,Yes,MajuraRes,2026
R14-MAJ-CFC,Thompson,90,,,Yes,Yes,MajuraRes,2026
R14-MAJ-CFC,Checksfield,90,,,Yes,Yes,MajuraRes,2026
R14-MAJ-CFC,Imhoff,90,,,Yes,Yes,MajuraRes,2026
R14-MAJ-CFC,Sambridge,90,,,Yes,Yes,MajuraRes,2026
R14-MAJ-CFC,Savanhu,46,,,Yes,Yes,MajuraRes,2026
R14-MAJ-CFC,Senese,70,,,Yes,Yes,MajuraRes,2026
R14-MAJ-CFC,Murray,90,,,Yes,Yes,MajuraRes,2026
R14-MAJ-CFC,Safi,90,,,Yes,Yes,MajuraRes,2026
R14-MAJ-CFC,Grebowski,0,,,No,No,MajuraRes,2026
R14-MAJ-CFC,Buckland,44,,,No,Yes,MajuraRes,2026
R14-MAJ-CFC,Evans,20,,,No,Yes,MajuraRes,2026
R14-MAJ-CFC,Forterre,20,,,No,Yes,MajuraRes,2026
R14-MAJ-CFC,Huddy,0,,,No,No,MajuraRes,2026
R14-MAJ-CFC,Gordon,90,,,Yes,Yes,CroatiaRes,2026
R14-MAJ-CFC,A.Williams,90,,,Yes,Yes,CroatiaRes,2026
R14-MAJ-CFC,E.Hazilias,90,,,Yes,Yes,CroatiaRes,2026
R14-MAJ-CFC,Hofmeier,90,,,Yes,Yes,CroatiaRes,2026
R14-MAJ-CFC,Boots,46,,,Yes,Yes,CroatiaRes,2026
R14-MAJ-CFC,Milin,90,,,Yes,Yes,CroatiaRes,2026
R14-MAJ-CFC,Coates,59,,,Yes,Yes,CroatiaRes,2026
R14-MAJ-CFC,Sanders,90,,,Yes,Yes,CroatiaRes,2026
R14-MAJ-CFC,Majetic,46,,,Yes,Yes,CroatiaRes,2026
R14-MAJ-CFC,Wood,90,,,Yes,Yes,CroatiaRes,2026
R14-MAJ-CFC,Ferguson,90,,,Yes,Yes,CroatiaRes,2026
R14-MAJ-CFC,Snell,0,,,No,No,CroatiaRes,2026
R14-MAJ-CFC,Mckenzie,44,,,No,Yes,CroatiaRes,2026
R14-MAJ-CFC,McGhie,0,,,No,No,CroatiaRes,2026
R14-MAJ-CFC,Holaj,31,,,No,Yes,CroatiaRes,2026
R14-MAJ-CFC,Castle,44,,,No,Yes,CroatiaRes,2026
R14-OLY-BELR,Mantinaos,60,,,Yes,Yes,OlympicRes,2026
R14-OLY-BELR,Z.Pirotta,90,,,Yes,Yes,OlympicRes,2026
R14-OLY-BELR,Farrell,90,,,Yes,Yes,OlympicRes,2026
R14-OLY-BELR,Dy-Mortimer,45,,,Yes,Yes,OlympicRes,2026
R14-OLY-BELR,Richards,90,,,Yes,Yes,OlympicRes,2026
R14-OLY-BELR,Cerne,90,,,Yes,Yes,OlympicRes,2026
R14-OLY-BELR,D.Williams,90,,,Yes,Yes,OlympicRes,2026
R14-OLY-BELR,Martiniello,60,,,Yes,Yes,OlympicRes,2026
R14-OLY-BELR,McRae,74,,,Yes,Yes,OlympicRes,2026
R14-OLY-BELR,Van Duren,90,,,Yes,Yes,OlympicRes,2026
R14-OLY-BELR,S.Pirotta,90,,,Yes,Yes,OlympicRes,2026
R14-OLY-BELR,Kashan,5,,,No,Yes,OlympicRes,2026
R14-OLY-BELR,Morrison,16,,,No,Yes,OlympicRes,2026
R14-OLY-BELR,Sims,40,,,No,Yes,OlympicRes,2026
R14-OLY-BELR,Webb,30,,,No,Yes,OlympicRes,2026
R14-OLY-BELR,Sietchiping,30,,,No,Yes,OlympicRes,2026
R14-OLY-BELR,Emily.GK,90,GK,,Yes,Yes,BelReserves,2026
R14-OLY-BELR,Danj,90,AM,,Yes,Yes,BelReserves,2026
R14-OLY-BELR,Molly,90,RB,,Yes,Yes,BelReserves,2026
R14-OLY-BELR,Scarlett,45,LW,,Yes,Yes,BelReserves,2026
R14-OLY-BELR,Gemma,90,CB,,Yes,Yes,BelReserves,2026
R14-OLY-BELR,Siena,90,CM,,Yes,Yes,BelReserves,2026
R14-OLY-BELR,Sage,22,LB,,Yes,Yes,BelReserves,2026
R14-OLY-BELR,Issey,45,DM,,Yes,Yes,BelReserves,2026
R14-OLY-BELR,Lily,90,RW,,Yes,Yes,BelReserves,2026
R14-OLY-BELR,Eden,90,F,,Yes,Yes,BelReserves,2026
R14-OLY-BELR,Ariana,0,CM,,No,No,BelReserves,2026
R14-OLY-BELR,Sarah,45,CB,,No,Yes,BelReserves,2026
R14-OLY-BELR,Abbey,68,CM,,No,Yes,BelReserves,2026
R14-OLY-BELR,Amy,45,RW,,No,Yes,BelReserves,2026
R14-OLY-BELR,Maja,45,CB,,Yes,No,BelReserves,2026
R15-BELR-CFC,Maja,90,RB,Yellow,Yes,Yes,BelReserves,2026
R15-BELR-CFC,Ariana,90,CB,,Yes,Yes,BelReserves,2026
R15-BELR-CFC,Scarlett,90,RW,,Yes,Yes,BelReserves,2026
R15-BELR-CFC,Gemma,90,CB,,Yes,Yes,BelReserves,2026
R15-BELR-CFC,Sarah,90,DM,,Yes,Yes,BelReserves,2026
R15-BELR-CFC,Claire,90,GK,,Yes,Yes,BelReserves,2026
R15-BELR-CFC,Siena,90,AM,,Yes,Yes,BelReserves,2026
R15-BELR-CFC,Sage,73,LB,,Yes,Yes,BelReserves,2026
R15-BELR-CFC,Issey,53,CM,,Yes,Yes,BelReserves,2026
R15-BELR-CFC,Lily,73,LW,,Yes,Yes,BelReserves,2026
R15-BELR-CFC,Eden,46,F,,Yes,Yes,BelReserves,2026
R15-BELR-CFC,Emily.GK,0,GK,,No,No,BelReserves,2026
R15-BELR-CFC,Molly,37,CM,,No,Yes,BelReserves,2026
R15-BELR-CFC,Hattie,44,LW,,No,Yes,BelReserves,2026
R15-BELR-CFC,Tahli,17,CB,,No,Yes,BelReserves,2026
R15-BELR-CFC,Amy,17,RW,,No,Yes,BelReserves,2026
R15-BELR-CFC,Mckenzie,55,,,Yes,Yes,CroatiaRes,2026
R15-BELR-CFC,McGhie,63,,,Yes,Yes,CroatiaRes,2026
R15-BELR-CFC,Gordon,90,,Yellow,Yes,Yes,CroatiaRes,2026
R15-BELR-CFC,A.Williams,69,,,Yes,Yes,CroatiaRes,2026
R15-BELR-CFC,E.Hazilias,69,,,Yes,Yes,CroatiaRes,2026
R15-BELR-CFC,Boots,90,,,Yes,Yes,CroatiaRes,2026
R15-BELR-CFC,Milin,90,,,Yes,Yes,CroatiaRes,2026
R15-BELR-CFC,Sanders,46,,,Yes,Yes,CroatiaRes,2026
R15-BELR-CFC,Majetic,90,,,Yes,Yes,CroatiaRes,2026
R15-BELR-CFC,Castle,90,,,Yes,Yes,CroatiaRes,2026
R15-BELR-CFC,Ferguson,90,,,Yes,Yes,CroatiaRes,2026
R15-BELR-CFC,Hofmeier,21,,,No,Yes,CroatiaRes,2026
R15-BELR-CFC,Novak,21,,,No,Yes,CroatiaRes,2026
R15-BELR-CFC,Holaj,44,,,No,Yes,CroatiaRes,2026
R15-BELR-CFC,Coates,27,,Yellow,No,Yes,CroatiaRes,2026
R15-BELR-CFC,Wood,35,,,No,Yes,CroatiaRes,2026
R15-WAN-OLY,Tran,90,,,Yes,Yes,WanderersRes,2026
R15-WAN-OLY,Porter,90,,,Yes,Yes,WanderersRes,2026
R15-WAN-OLY,Gibson,90,,,Yes,Yes,WanderersRes,2026
R15-WAN-OLY,O'Halloran,90,,,Yes,Yes,WanderersRes,2026
R15-WAN-OLY,Ellis,90,,,Yes,Yes,WanderersRes,2026
R15-WAN-OLY,Hart,55,,,Yes,Yes,WanderersRes,2026
R15-WAN-OLY,J.Jud,90,,,Yes,Yes,WanderersRes,2026
R15-WAN-OLY,Huddy,90,,,Yes,Yes,WanderersRes,2026
R15-WAN-OLY,Garrett,90,,,Yes,Yes,WanderersRes,2026
R15-WAN-OLY,E.Williams,90,,,Yes,Yes,WanderersRes,2026
R15-WAN-OLY,Pavier-jones,90,,,Yes,Yes,WanderersRes,2026
R15-WAN-OLY,R.Jud,35,,,No,Yes,WanderersRes,2026
R15-WAN-OLY,Howell,0,,,No,No,WanderersRes,2026
R15-WAN-OLY,Aitolu,90,,,Yes,Yes,OlympicRes,2026
R15-WAN-OLY,Perry,60,,,Yes,Yes,OlympicRes,2026
R15-WAN-OLY,Mantinaos,60,,,Yes,Yes,OlympicRes,2026
R15-WAN-OLY,Dy-Mortimer,90,,,Yes,Yes,OlympicRes,2026
R15-WAN-OLY,Richards,73,,,Yes,Yes,OlympicRes,2026
R15-WAN-OLY,Hall,45,,,Yes,Yes,OlympicRes,2026
R15-WAN-OLY,N.Cerne,90,,,Yes,Yes,OlympicRes,2026
R15-WAN-OLY,D.Williams,90,,,Yes,Yes,OlympicRes,2026
R15-WAN-OLY,Martiniello,90,,,Yes,Yes,OlympicRes,2026
R15-WAN-OLY,McRae,73,,,Yes,Yes,OlympicRes,2026
R15-WAN-OLY,Josipovic,90,,,Yes,Yes,OlympicRes,2026
R15-WAN-OLY,Hurman,17,,,No,Yes,OlympicRes,2026
R15-WAN-OLY,Bissell,17,,,No,Yes,OlympicRes,2026
R15-WAN-OLY,Van Duren,45,,,No,Yes,OlympicRes,2026
R15-WAN-OLY,Pirotta,30,,,No,Yes,OlympicRes,2026
R15-WAN-OLY,Webb,30,,,No,Yes,OlympicRes,2026
R15-MAJ-TUG,Kent,90,,,Yes,Yes,MajuraRes,2026
R15-MAJ-TUG,Bartone,90,,,Yes,Yes,MajuraRes,2026
R15-MAJ-TUG,Singers,90,,,Yes,Yes,MajuraRes,2026
R15-MAJ-TUG,K.Hazilias,90,,,Yes,Yes,MajuraRes,2026
R15-MAJ-TUG,Thompson,77,,,Yes,Yes,MajuraRes,2026
R15-MAJ-TUG,Checksfield,90,,,Yes,Yes,MajuraRes,2026
R15-MAJ-TUG,Savanhu,71,,,Yes,Yes,MajuraRes,2026
R15-MAJ-TUG,Brennan,77,,,Yes,Yes,MajuraRes,2026
R15-MAJ-TUG,Evans,90,,,Yes,Yes,MajuraRes,2026
R15-MAJ-TUG,Murray,71,,,Yes,Yes,MajuraRes,2026
R15-MAJ-TUG,Whittington,90,,,Yes,Yes,MajuraRes,2026
R15-MAJ-TUG,Williamson,13,,,No,Yes,MajuraRes,2026
R15-MAJ-TUG,Stannard,0,,,No,No,MajuraRes,2026
R15-MAJ-TUG,Eidum,19,,,No,Yes,MajuraRes,2026
R15-MAJ-TUG,Buckland,13,,,No,Yes,MajuraRes,2026
R15-MAJ-TUG,Dorsett,19,,Yellow,No,Yes,MajuraRes,2026
R15-MAJ-TUG,Sirois,64,,,Yes,Yes,TuggeranongRes,2026
R15-MAJ-TUG,Mitchell,45,,,Yes,Yes,TuggeranongRes,2026
R15-MAJ-TUG,Paul,90,,,Yes,Yes,TuggeranongRes,2026
R15-MAJ-TUG,Beausang,90,,,Yes,Yes,TuggeranongRes,2026
R15-MAJ-TUG,Rolls,90,,,Yes,Yes,TuggeranongRes,2026
R15-MAJ-TUG,Watt,64,,,Yes,Yes,TuggeranongRes,2026
R15-MAJ-TUG,Ticehurst,81,,,Yes,Yes,TuggeranongRes,2026
R15-MAJ-TUG,Haitsma,90,,,Yes,Yes,TuggeranongRes,2026
R15-MAJ-TUG,Stanford,90,,,Yes,Yes,TuggeranongRes,2026
R15-MAJ-TUG,Prime,77,,,Yes,Yes,TuggeranongRes,2026
R15-MAJ-TUG,Mulder,90,,,Yes,Yes,TuggeranongRes,2026
R15-MAJ-TUG,Kontny,13,,,No,Yes,TuggeranongRes,2026
R15-MAJ-TUG,Chick,26,,,No,Yes,TuggeranongRes,2026
R15-MAJ-TUG,Schroeder,9,,,No,Yes,TuggeranongRes,2026
R15-MAJ-TUG,Albert,26,,,No,Yes,TuggeranongRes,2026
R15-MAJ-TUG,Pedrotti,45,,,No,Yes,TuggeranongRes,2026
R16-CFC-TUG,Gordon,90,,Yellow,Yes,Yes,CroatiaRes,2026
R16-CFC-TUG,A.Williams,90,,,Yes,Yes,CroatiaRes,2026
R16-CFC-TUG,E.Hazilias,90,,,Yes,Yes,CroatiaRes,2026
R16-CFC-TUG,Hofmeier,57,,,Yes,Yes,CroatiaRes,2026
R16-CFC-TUG,Holaj,90,,,Yes,Yes,CroatiaRes,2026
R16-CFC-TUG,Boots,90,,,Yes,Yes,CroatiaRes,2026
R16-CFC-TUG,Coates,50,,,Yes,Yes,CroatiaRes,2026
R16-CFC-TUG,Sanders,57,,,Yes,Yes,CroatiaRes,2026
R16-CFC-TUG,Castle,90,,,Yes,Yes,CroatiaRes,2026
R16-CFC-TUG,Wood,14,,,Yes,Yes,CroatiaRes,2026
R16-CFC-TUG,Snell,90,,,Yes,Yes,CroatiaRes,2026
R16-CFC-TUG,Mckenzie,33,,,No,Yes,CroatiaRes,2026
R16-CFC-TUG,McGhie,33,,Yellow,No,Yes,CroatiaRes,2026
R16-CFC-TUG,Bogdanoski,40,,,No,Yes,CroatiaRes,2026
R16-CFC-TUG,Novak,0,,,No,No,CroatiaRes,2026
R16-CFC-TUG,McLennan,76,,,No,Yes,CroatiaRes,2026
R16-CFC-TUG,Lacey,90,,,Yes,Yes,TuggeranongRes,2026
R16-CFC-TUG,Mitchell,90,,,Yes,Yes,TuggeranongRes,2026
R16-CFC-TUG,Mozier,90,,,Yes,Yes,TuggeranongRes,2026
R16-CFC-TUG,Haureliuk,46,,,Yes,Yes,TuggeranongRes,2026
R16-CFC-TUG,Wells-Sheather,46,,,Yes,Yes,TuggeranongRes,2026
R16-CFC-TUG,Rolls,64,,,Yes,Yes,TuggeranongRes,2026
R16-CFC-TUG,albert,90,,,Yes,Yes,TuggeranongRes,2026
R16-CFC-TUG,Ticehurst,64,,,Yes,Yes,TuggeranongRes,2026
R16-CFC-TUG,Pedrotti,28,,,Yes,Yes,TuggeranongRes,2026
R16-CFC-TUG,Stanford,90,,,Yes,Yes,TuggeranongRes,2026
R16-CFC-TUG,Mulder,90,,,Yes,Yes,TuggeranongRes,2026
R16-CFC-TUG,Schroeder,26,,,No,Yes,TuggeranongRes,2026
R16-CFC-TUG,Costello,26,,,No,Yes,TuggeranongRes,2026
R16-CFC-TUG,Chick,44,,,No,Yes,TuggeranongRes,2026
R16-CFC-TUG,Watt,62,,,No,Yes,TuggeranongRes,2026
R16-CFC-TUG,Haitsma,44,,,No,Yes,TuggeranongRes,2026
R16-OLY-MAJ,Davis,90,,,Yes,Yes,OlympicRes,2026
R16-OLY-MAJ,Chaverra Calle,45,,,Yes,Yes,OlympicRes,2026
R16-OLY-MAJ,Z.Pirotta,90,,,Yes,Yes,OlympicRes,2026
R16-OLY-MAJ,Farrell,90,,,Yes,Yes,OlympicRes,2026
R16-OLY-MAJ,Dy-Mortimer,90,,,Yes,Yes,OlympicRes,2026
R16-OLY-MAJ,Richards,72,,,Yes,Yes,OlympicRes,2026
R16-OLY-MAJ,Hurman,57,,,Yes,Yes,OlympicRes,2026
R16-OLY-MAJ,Bissell,90,,,Yes,Yes,OlympicRes,2026
R16-OLY-MAJ,Wright,45,,,Yes,Yes,OlympicRes,2026
R16-OLY-MAJ,D.Williams,72,,,Yes,Yes,OlympicRes,2026
R16-OLY-MAJ,Martiniello,90,,,Yes,Yes,OlympicRes,2026
R16-OLY-MAJ,Mantinaos,45,,,No,Yes,OlympicRes,2026
R16-OLY-MAJ,Paragalli,18,,,No,Yes,OlympicRes,2026
R16-OLY-MAJ,Van Duren,18,,,No,Yes,OlympicRes,2026
R16-OLY-MAJ,S.Pirotta,33,,,No,Yes,OlympicRes,2026
R16-OLY-MAJ,Webb,45,,,No,Yes,OlympicRes,2026
R16-OLY-MAJ,Kent,90,,,Yes,Yes,MajuraRes,2026
R16-OLY-MAJ,Williamson,90,,,Yes,Yes,MajuraRes,2026
R16-OLY-MAJ,keller,90,,,Yes,Yes,MajuraRes,2026
R16-OLY-MAJ,Singers,90,,,Yes,Yes,MajuraRes,2026
R16-OLY-MAJ,Eidum,90,,,Yes,Yes,MajuraRes,2026
R16-OLY-MAJ,K.Hazilias,90,,,Yes,Yes,MajuraRes,2026
R16-OLY-MAJ,Checksfield,65,,,Yes,Yes,MajuraRes,2026
R16-OLY-MAJ,Imhoff,90,,,Yes,Yes,MajuraRes,2026
R16-OLY-MAJ,Moody,90,,,Yes,Yes,MajuraRes,2026
R16-OLY-MAJ,Savanhu,90,,,Yes,Yes,MajuraRes,2026
R16-OLY-MAJ,Senese,90,,,Yes,Yes,MajuraRes,2026
R16-OLY-MAJ,Bartone,0,,,No,No,MajuraRes,2026
R16-OLY-MAJ,Dumesic,25,,,No,Yes,MajuraRes,2026
R16-OLY-MAJ,Murray,0,,,No,No,MajuraRes,2026
R16-OLY-MAJ,Safi,0,,,No,No,MajuraRes,2026
